2026-01-08 12:04:54:370 [Appium] Welcome to Appium v2.19.0 (REV 6669e91bd8187ae9efbf110e31fc4e4d7b79011f)
2026-01-08 12:04:54:372 [Appium] The autodetected Appium home path: /Users/eladyerushalmi/.appium
2026-01-08 12:04:54:372 [Appium] Attempting to load driver uiautomator2...
2026-01-08 12:04:54:373 [Appium] Requiring driver at /Users/eladyerushalmi/.appium/node_modules/appium-uiautomator2-driver/build/index.js
2026-01-08 12:04:54:697 [Appium] AndroidUiautomator2Driver has been successfully loaded in 0.325s
2026-01-08 12:04:54:704 [Appium] Appium REST http interface listener started on http://0.0.0.0:4723
2026-01-08 12:04:54:704 [Appium] You can provide the following URLs in your client code to connect to this server:
	http://127.0.0.1:4723/ (only accessible from the same host)
	http://192.168.1.27:4723/
2026-01-08 12:04:54:705 [Appium] Available drivers:
2026-01-08 12:04:54:705 [Appium]   - uiautomator2@2.42.1 (automationName 'UiAutomator2')
2026-01-08 12:04:54:705 [Appium] No plugins have been installed. Use the "appium plugin" command to install the one(s) you want to use.
2026-01-08 12:05:10:733 [HTTP] Request idempotency key: c8f75b64-d137-4ba6-bbfb-7bf40e1942c2
2026-01-08 12:05:10:739 [HTTP] --> POST /session {"capabilities":{"firstMatch":[{"appium:noReset":false,"appium:appActivity":"com.saucelabs.mydemoapp.android.view.activities.SplashActivity","appium:deviceName":"emulator-5554","platformName":"ANDROID","appium:automationName":"UiAutomator2","appium:fullReset":false,"appium:app":"/Users/eladyerushalmi/Documents/sauce-sample-app-mobile-automation/src/test/resources/apps/mda.apk","appium:appPackage":"com.saucelabs.mydemoapp.android"}]}}
2026-01-08 12:05:10:740 [AppiumDriver@eb75] Calling AppiumDriver.createSession() with args: [null,null,{"firstMatch":[{"appium:noReset":false,"appium:appActivity":"com.saucelabs.mydemoapp.android.view.activities.SplashActivity","appium:deviceName":"emulator-5554","platformName":"ANDROID","appium:automationName":"UiAutomator2","appium:fullReset":false,"appium:app":"/Users/eladyerushalmi/Documents/sauce-sample-app-mobile-automation/src/test/resources/apps/mda.apk","appium:appPackage":"com.saucelabs.mydemoapp.android"}]}]
2026-01-08 12:05:10:740 [AppiumDriver@eb75] Event 'newSessionRequested' logged at 1767873910740 (14:05:10 GMT+0200 (Israel Standard Time))
2026-01-08 12:05:10:741 [Appium] Attempting to find matching driver for automationName 'UiAutomator2' and platformName 'ANDROID'
2026-01-08 12:05:10:741 [Appium] The 'uiautomator2' driver was installed and matched caps.
2026-01-08 12:05:10:741 [Appium] Will require it at /Users/eladyerushalmi/.appium/node_modules/appium-uiautomator2-driver
2026-01-08 12:05:10:742 [Appium] Requiring driver at /Users/eladyerushalmi/.appium/node_modules/appium-uiautomator2-driver/build/index.js
2026-01-08 12:05:10:742 [AppiumDriver@eb75] Appium v2.19.0 creating new AndroidUiautomator2Driver (v2.42.1) session
2026-01-08 12:05:10:742 [AppiumDriver@eb75] Checking BaseDriver versions for Appium and AndroidUiautomator2Driver
2026-01-08 12:05:10:742 [AppiumDriver@eb75] Appium's BaseDriver version is 9.18.0
2026-01-08 12:05:10:742 [AppiumDriver@eb75] AndroidUiautomator2Driver's BaseDriver version is 9.18.0
2026-01-08 12:05:10:744 [AndroidUiautomator2Driver@17fe] 
2026-01-08 12:05:10:744 [AndroidUiautomator2Driver@17fe] Creating session with W3C capabilities: {
  "alwaysMatch": {
    "platformName": "ANDROID",
    "appium:noReset": false,
    "appium:appActivity": "com.saucelabs.mydemoapp.android.view.activities.SplashActivity",
    "appium:deviceName": "emulator-5554",
    "appium:automationName": "UiAutomator2",
    "appium:fullReset": false,
    "appium:app": "/Users/eladyerushalmi/Documents/sauce-sample-app-mobile-automation/src/test/resources/apps/mda.apk",
    "appium:appPackage": "com.saucelabs.mydemoapp.android"
  },
  "firstMatch": [
    {}
  ]
}
2026-01-08 12:05:10:746 [60819848][AndroidUiautomator2Driver@17fe] Session created with session id: 60819848-9beb-413c-a2cb-9ac5fa8a399c
2026-01-08 12:05:10:747 [60819848][BaseDriver] Using local app '/Users/eladyerushalmi/Documents/sauce-sample-app-mobile-automation/src/test/resources/apps/mda.apk'
2026-01-08 12:05:10:800 [60819848][AndroidUiautomator2Driver@17fe] Checking whether app is actually present
2026-01-08 12:05:10:803 [60819848][ADB] Found 0 'build-tools' folders under '/opt/homebrew/Caskroom/android-platform-tools/36.0.2' (newest first):
2026-01-08 12:05:10:804 [60819848][ADB] Using 'adb' from '/opt/homebrew/Caskroom/android-platform-tools/36.0.2/platform-tools/adb'
2026-01-08 12:05:10:804 [60819848][ADB] Running '/opt/homebrew/Caskroom/android-platform-tools/36.0.2/platform-tools/adb -P 5037 start-server'
2026-01-08 12:05:10:816 [60819848][AndroidDriver] Retrieving device list
2026-01-08 12:05:10:816 [60819848][ADB] Trying to find connected Android devices
2026-01-08 12:05:10:816 [60819848][ADB] Getting connected devices
2026-01-08 12:05:10:826 [60819848][ADB] No connected devices have been detected
2026-01-08 12:05:10:826 [60819848][ADB] Could not find online devices
2026-01-08 12:05:10:826 [60819848][ADB] Reconnecting adb (target offline)
2026-01-08 12:05:10:826 [60819848][ADB] Running '/opt/homebrew/Caskroom/android-platform-tools/36.0.2/platform-tools/adb -P 5037 reconnect offline'
2026-01-08 12:05:11:038 [60819848][ADB] Getting connected devices
2026-01-08 12:05:11:054 [60819848][ADB] No connected devices have been detected
2026-01-08 12:05:11:054 [60819848][ADB] Could not find online devices
2026-01-08 12:05:11:054 [60819848][ADB] Reconnecting adb (target offline)
2026-01-08 12:05:11:054 [60819848][ADB] Running '/opt/homebrew/Caskroom/android-platform-tools/36.0.2/platform-tools/adb -P 5037 reconnect offline'
2026-01-08 12:05:11:269 [60819848][ADB] Getting connected devices
2026-01-08 12:05:11:291 [60819848][ADB] No connected devices have been detected
2026-01-08 12:05:11:291 [60819848][ADB] Could not find online devices
2026-01-08 12:05:11:291 [60819848][ADB] Reconnecting adb (target offline)
2026-01-08 12:05:11:291 [60819848][ADB] Running '/opt/homebrew/Caskroom/android-platform-tools/36.0.2/platform-tools/adb -P 5037 reconnect offline'
2026-01-08 12:05:11:507 [60819848][ADB] Getting connected devices
2026-01-08 12:05:11:530 [60819848][ADB] No connected devices have been detected
2026-01-08 12:05:11:530 [60819848][ADB] Could not find online devices
2026-01-08 12:05:11:530 [60819848][ADB] Reconnecting adb (target offline)
2026-01-08 12:05:11:530 [60819848][ADB] Running '/opt/homebrew/Caskroom/android-platform-tools/36.0.2/platform-tools/adb -P 5037 reconnect offline'
2026-01-08 12:05:11:745 [60819848][ADB] Getting connected devices
2026-01-08 12:05:11:757 [60819848][ADB] No connected devices have been detected
2026-01-08 12:05:11:757 [60819848][ADB] Could not find online devices
2026-01-08 12:05:11:757 [60819848][ADB] Reconnecting adb (target offline)
2026-01-08 12:05:11:757 [60819848][ADB] Running '/opt/homebrew/Caskroom/android-platform-tools/36.0.2/platform-tools/adb -P 5037 reconnect offline'
2026-01-08 12:05:11:971 [60819848][ADB] Getting connected devices
2026-01-08 12:05:11:986 [60819848][ADB] No connected devices have been detected
2026-01-08 12:05:11:986 [60819848][ADB] Could not find online devices
2026-01-08 12:05:11:986 [60819848][ADB] Reconnecting adb (target offline)
2026-01-08 12:05:11:986 [60819848][ADB] Running '/opt/homebrew/Caskroom/android-platform-tools/36.0.2/platform-tools/adb -P 5037 reconnect offline'
2026-01-08 12:05:12:201 [60819848][ADB] Getting connected devices
2026-01-08 12:05:12:218 [60819848][ADB] No connected devices have been detected
2026-01-08 12:05:12:218 [60819848][ADB] Could not find online devices
2026-01-08 12:05:12:218 [60819848][ADB] Reconnecting adb (target offline)
2026-01-08 12:05:12:218 [60819848][ADB] Running '/opt/homebrew/Caskroom/android-platform-tools/36.0.2/platform-tools/adb -P 5037 reconnect offline'
2026-01-08 12:05:12:434 [60819848][ADB] Getting connected devices
2026-01-08 12:05:12:459 [60819848][ADB] No connected devices have been detected
2026-01-08 12:05:12:459 [60819848][ADB] Could not find online devices
2026-01-08 12:05:12:459 [60819848][ADB] Reconnecting adb (target offline)
2026-01-08 12:05:12:459 [60819848][ADB] Running '/opt/homebrew/Caskroom/android-platform-tools/36.0.2/platform-tools/adb -P 5037 reconnect offline'
2026-01-08 12:05:12:675 [60819848][ADB] Getting connected devices
2026-01-08 12:05:12:700 [60819848][ADB] No connected devices have been detected
2026-01-08 12:05:12:700 [60819848][ADB] Could not find online devices
2026-01-08 12:05:12:700 [60819848][ADB] Reconnecting adb (target offline)
2026-01-08 12:05:12:700 [60819848][ADB] Running '/opt/homebrew/Caskroom/android-platform-tools/36.0.2/platform-tools/adb -P 5037 reconnect offline'
2026-01-08 12:05:12:917 [60819848][ADB] Getting connected devices
2026-01-08 12:05:12:941 [60819848][ADB] No connected devices have been detected
2026-01-08 12:05:12:941 [60819848][ADB] Could not find online devices
2026-01-08 12:05:12:941 [60819848][ADB] Reconnecting adb (target offline)
2026-01-08 12:05:12:941 [60819848][ADB] Running '/opt/homebrew/Caskroom/android-platform-tools/36.0.2/platform-tools/adb -P 5037 reconnect offline'
2026-01-08 12:05:13:155 [60819848][ADB] Getting connected devices
2026-01-08 12:05:13:177 [60819848][ADB] No connected devices have been detected
2026-01-08 12:05:13:177 [60819848][ADB] Could not find online devices
2026-01-08 12:05:13:177 [60819848][ADB] Reconnecting adb (target offline)
2026-01-08 12:05:13:178 [60819848][ADB] Running '/opt/homebrew/Caskroom/android-platform-tools/36.0.2/platform-tools/adb -P 5037 reconnect offline'
2026-01-08 12:05:13:393 [60819848][ADB] Getting connected devices
2026-01-08 12:05:13:418 [60819848][ADB] No connected devices have been detected
2026-01-08 12:05:13:418 [60819848][ADB] Could not find online devices
2026-01-08 12:05:13:419 [60819848][ADB] Reconnecting adb (target offline)
2026-01-08 12:05:13:419 [60819848][ADB] Running '/opt/homebrew/Caskroom/android-platform-tools/36.0.2/platform-tools/adb -P 5037 reconnect offline'
2026-01-08 12:05:13:634 [60819848][ADB] Getting connected devices
2026-01-08 12:05:13:658 [60819848][ADB] No connected devices have been detected
2026-01-08 12:05:13:658 [60819848][ADB] Could not find online devices
2026-01-08 12:05:13:658 [60819848][ADB] Reconnecting adb (target offline)
2026-01-08 12:05:13:658 [60819848][ADB] Running '/opt/homebrew/Caskroom/android-platform-tools/36.0.2/platform-tools/adb -P 5037 reconnect offline'
2026-01-08 12:05:13:875 [60819848][ADB] Getting connected devices
2026-01-08 12:05:13:899 [60819848][ADB] No connected devices have been detected
2026-01-08 12:05:13:900 [60819848][ADB] Could not find online devices
2026-01-08 12:05:13:900 [60819848][ADB] Reconnecting adb (target offline)
2026-01-08 12:05:13:900 [60819848][ADB] Running '/opt/homebrew/Caskroom/android-platform-tools/36.0.2/platform-tools/adb -P 5037 reconnect offline'
2026-01-08 12:05:14:116 [60819848][ADB] Getting connected devices
2026-01-08 12:05:14:140 [60819848][ADB] No connected devices have been detected
2026-01-08 12:05:14:141 [60819848][ADB] Could not find online devices
2026-01-08 12:05:14:141 [60819848][ADB] Reconnecting adb (target offline)
2026-01-08 12:05:14:141 [60819848][ADB] Running '/opt/homebrew/Caskroom/android-platform-tools/36.0.2/platform-tools/adb -P 5037 reconnect offline'
2026-01-08 12:05:14:356 [60819848][ADB] Getting connected devices
2026-01-08 12:05:14:370 [60819848][ADB] No connected devices have been detected
2026-01-08 12:05:14:370 [60819848][ADB] Could not find online devices
2026-01-08 12:05:14:371 [60819848][ADB] Reconnecting adb (target offline)
2026-01-08 12:05:14:371 [60819848][ADB] Running '/opt/homebrew/Caskroom/android-platform-tools/36.0.2/platform-tools/adb -P 5037 reconnect offline'
2026-01-08 12:05:14:585 [60819848][ADB] Getting connected devices
2026-01-08 12:05:14:608 [60819848][ADB] No connected devices have been detected
2026-01-08 12:05:14:608 [60819848][ADB] Could not find online devices
2026-01-08 12:05:14:608 [60819848][ADB] Reconnecting adb (target offline)
2026-01-08 12:05:14:608 [60819848][ADB] Running '/opt/homebrew/Caskroom/android-platform-tools/36.0.2/platform-tools/adb -P 5037 reconnect offline'
2026-01-08 12:05:14:824 [60819848][ADB] Getting connected devices
2026-01-08 12:05:14:836 [60819848][ADB] No connected devices have been detected
2026-01-08 12:05:14:836 [60819848][ADB] Could not find online devices
2026-01-08 12:05:14:836 [60819848][ADB] Reconnecting adb (target offline)
2026-01-08 12:05:14:836 [60819848][ADB] Running '/opt/homebrew/Caskroom/android-platform-tools/36.0.2/platform-tools/adb -P 5037 reconnect offline'
2026-01-08 12:05:15:049 [60819848][ADB] Getting connected devices
2026-01-08 12:05:15:073 [60819848][ADB] No connected devices have been detected
2026-01-08 12:05:15:074 [60819848][ADB] Could not find online devices
2026-01-08 12:05:15:074 [60819848][ADB] Reconnecting adb (target offline)
2026-01-08 12:05:15:074 [60819848][ADB] Running '/opt/homebrew/Caskroom/android-platform-tools/36.0.2/platform-tools/adb -P 5037 reconnect offline'
2026-01-08 12:05:15:290 [60819848][ADB] Getting connected devices
2026-01-08 12:05:15:302 [60819848][ADB] No connected devices have been detected
2026-01-08 12:05:15:302 [60819848][ADB] Could not find online devices
2026-01-08 12:05:15:302 [60819848][ADB] Reconnecting adb (target offline)
2026-01-08 12:05:15:302 [60819848][ADB] Running '/opt/homebrew/Caskroom/android-platform-tools/36.0.2/platform-tools/adb -P 5037 reconnect offline'
2026-01-08 12:05:15:515 [60819848][ADB] Getting connected devices
2026-01-08 12:05:15:538 [60819848][ADB] No connected devices have been detected
2026-01-08 12:05:15:538 [60819848][ADB] Could not find online devices
2026-01-08 12:05:15:538 [60819848][ADB] Reconnecting adb (target offline)
2026-01-08 12:05:15:538 [60819848][ADB] Running '/opt/homebrew/Caskroom/android-platform-tools/36.0.2/platform-tools/adb -P 5037 reconnect offline'
2026-01-08 12:05:15:754 [60819848][ADB] Getting connected devices
2026-01-08 12:05:15:781 [60819848][ADB] No connected devices have been detected
2026-01-08 12:05:15:781 [60819848][ADB] Could not find online devices
2026-01-08 12:05:15:781 [60819848][ADB] Reconnecting adb (target offline)
2026-01-08 12:05:15:781 [60819848][ADB] Running '/opt/homebrew/Caskroom/android-platform-tools/36.0.2/platform-tools/adb -P 5037 reconnect offline'
2026-01-08 12:05:15:997 [60819848][ADB] Getting connected devices
2026-01-08 12:05:16:022 [60819848][ADB] No connected devices have been detected
2026-01-08 12:05:16:022 [60819848][ADB] Could not find online devices
2026-01-08 12:05:16:022 [60819848][ADB] Reconnecting adb (target offline)
2026-01-08 12:05:16:022 [60819848][ADB] Running '/opt/homebrew/Caskroom/android-platform-tools/36.0.2/platform-tools/adb -P 5037 reconnect offline'
2026-01-08 12:05:16:238 [60819848][ADB] Getting connected devices
2026-01-08 12:05:16:259 [60819848][ADB] No connected devices have been detected
2026-01-08 12:05:16:259 [60819848][ADB] Could not find online devices
2026-01-08 12:05:16:259 [60819848][ADB] Reconnecting adb (target offline)
2026-01-08 12:05:16:259 [60819848][ADB] Running '/opt/homebrew/Caskroom/android-platform-tools/36.0.2/platform-tools/adb -P 5037 reconnect offline'
2026-01-08 12:05:16:475 [60819848][ADB] Getting connected devices
2026-01-08 12:05:16:501 [60819848][ADB] No connected devices have been detected
2026-01-08 12:05:16:502 [60819848][ADB] Could not find online devices
2026-01-08 12:05:16:502 [60819848][ADB] Reconnecting adb (target offline)
2026-01-08 12:05:16:502 [60819848][ADB] Running '/opt/homebrew/Caskroom/android-platform-tools/36.0.2/platform-tools/adb -P 5037 reconnect offline'
2026-01-08 12:05:16:719 [60819848][ADB] Getting connected devices
2026-01-08 12:05:16:742 [60819848][ADB] No connected devices have been detected
2026-01-08 12:05:16:742 [60819848][ADB] Could not find online devices
2026-01-08 12:05:16:742 [60819848][ADB] Reconnecting adb (target offline)
2026-01-08 12:05:16:743 [60819848][ADB] Running '/opt/homebrew/Caskroom/android-platform-tools/36.0.2/platform-tools/adb -P 5037 reconnect offline'
2026-01-08 12:05:16:957 [60819848][ADB] Getting connected devices
2026-01-08 12:05:16:978 [60819848][ADB] No connected devices have been detected
2026-01-08 12:05:16:979 [60819848][ADB] Could not find online devices
2026-01-08 12:05:16:979 [60819848][ADB] Reconnecting adb (target offline)
2026-01-08 12:05:16:979 [60819848][ADB] Running '/opt/homebrew/Caskroom/android-platform-tools/36.0.2/platform-tools/adb -P 5037 reconnect offline'
2026-01-08 12:05:17:194 [60819848][ADB] Getting connected devices
2026-01-08 12:05:17:213 [60819848][ADB] No connected devices have been detected
2026-01-08 12:05:17:213 [60819848][ADB] Could not find online devices
2026-01-08 12:05:17:213 [60819848][ADB] Reconnecting adb (target offline)
2026-01-08 12:05:17:213 [60819848][ADB] Running '/opt/homebrew/Caskroom/android-platform-tools/36.0.2/platform-tools/adb -P 5037 reconnect offline'
2026-01-08 12:05:17:430 [60819848][ADB] Getting connected devices
2026-01-08 12:05:17:454 [60819848][ADB] No connected devices have been detected
2026-01-08 12:05:17:454 [60819848][ADB] Could not find online devices
2026-01-08 12:05:17:454 [60819848][ADB] Reconnecting adb (target offline)
2026-01-08 12:05:17:454 [60819848][ADB] Running '/opt/homebrew/Caskroom/android-platform-tools/36.0.2/platform-tools/adb -P 5037 reconnect offline'
2026-01-08 12:05:17:671 [60819848][ADB] Getting connected devices
2026-01-08 12:05:17:694 [60819848][ADB] No connected devices have been detected
2026-01-08 12:05:17:694 [60819848][ADB] Could not find online devices
2026-01-08 12:05:17:694 [60819848][ADB] Reconnecting adb (target offline)
2026-01-08 12:05:17:694 [60819848][ADB] Running '/opt/homebrew/Caskroom/android-platform-tools/36.0.2/platform-tools/adb -P 5037 reconnect offline'
2026-01-08 12:05:17:910 [60819848][ADB] Getting connected devices
2026-01-08 12:05:17:932 [60819848][ADB] No connected devices have been detected
2026-01-08 12:05:17:932 [60819848][ADB] Could not find online devices
2026-01-08 12:05:17:932 [60819848][ADB] Reconnecting adb (target offline)
2026-01-08 12:05:17:933 [60819848][ADB] Running '/opt/homebrew/Caskroom/android-platform-tools/36.0.2/platform-tools/adb -P 5037 reconnect offline'
2026-01-08 12:05:18:148 [60819848][ADB] Getting connected devices
2026-01-08 12:05:18:177 [60819848][ADB] No connected devices have been detected
2026-01-08 12:05:18:177 [60819848][ADB] Could not find online devices
2026-01-08 12:05:18:178 [60819848][ADB] Reconnecting adb (target offline)
2026-01-08 12:05:18:178 [60819848][ADB] Running '/opt/homebrew/Caskroom/android-platform-tools/36.0.2/platform-tools/adb -P 5037 reconnect offline'
2026-01-08 12:05:18:396 [60819848][ADB] Getting connected devices
2026-01-08 12:05:18:419 [60819848][ADB] No connected devices have been detected
2026-01-08 12:05:18:419 [60819848][ADB] Could not find online devices
2026-01-08 12:05:18:419 [60819848][ADB] Reconnecting adb (target offline)
2026-01-08 12:05:18:419 [60819848][ADB] Running '/opt/homebrew/Caskroom/android-platform-tools/36.0.2/platform-tools/adb -P 5037 reconnect offline'
2026-01-08 12:05:18:634 [60819848][ADB] Getting connected devices
2026-01-08 12:05:18:660 [60819848][ADB] No connected devices have been detected
2026-01-08 12:05:18:660 [60819848][ADB] Could not find online devices
2026-01-08 12:05:18:660 [60819848][ADB] Reconnecting adb (target offline)
2026-01-08 12:05:18:660 [60819848][ADB] Running '/opt/homebrew/Caskroom/android-platform-tools/36.0.2/platform-tools/adb -P 5037 reconnect offline'
2026-01-08 12:05:18:879 [60819848][ADB] Getting connected devices
2026-01-08 12:05:18:905 [60819848][ADB] No connected devices have been detected
2026-01-08 12:05:18:905 [60819848][ADB] Could not find online devices
2026-01-08 12:05:18:905 [60819848][ADB] Reconnecting adb (target offline)
2026-01-08 12:05:18:905 [60819848][ADB] Running '/opt/homebrew/Caskroom/android-platform-tools/36.0.2/platform-tools/adb -P 5037 reconnect offline'
2026-01-08 12:05:19:120 [60819848][ADB] Getting connected devices
2026-01-08 12:05:19:142 [60819848][ADB] No connected devices have been detected
2026-01-08 12:05:19:142 [60819848][ADB] Could not find online devices
2026-01-08 12:05:19:142 [60819848][ADB] Reconnecting adb (target offline)
2026-01-08 12:05:19:142 [60819848][ADB] Running '/opt/homebrew/Caskroom/android-platform-tools/36.0.2/platform-tools/adb -P 5037 reconnect offline'
2026-01-08 12:05:19:360 [60819848][ADB] Getting connected devices
2026-01-08 12:05:19:384 [60819848][ADB] No connected devices have been detected
2026-01-08 12:05:19:385 [60819848][ADB] Could not find online devices
2026-01-08 12:05:19:385 [60819848][ADB] Reconnecting adb (target offline)
2026-01-08 12:05:19:385 [60819848][ADB] Running '/opt/homebrew/Caskroom/android-platform-tools/36.0.2/platform-tools/adb -P 5037 reconnect offline'
2026-01-08 12:05:19:601 [60819848][ADB] Getting connected devices
2026-01-08 12:05:19:619 [60819848][ADB] No connected devices have been detected
2026-01-08 12:05:19:619 [60819848][ADB] Could not find online devices
2026-01-08 12:05:19:619 [60819848][ADB] Reconnecting adb (target offline)
2026-01-08 12:05:19:619 [60819848][ADB] Running '/opt/homebrew/Caskroom/android-platform-tools/36.0.2/platform-tools/adb -P 5037 reconnect offline'
2026-01-08 12:05:19:832 [60819848][ADB] Getting connected devices
2026-01-08 12:05:19:846 [60819848][ADB] No connected devices have been detected
2026-01-08 12:05:19:846 [60819848][ADB] Could not find online devices
2026-01-08 12:05:19:846 [60819848][ADB] Reconnecting adb (target offline)
2026-01-08 12:05:19:846 [60819848][ADB] Running '/opt/homebrew/Caskroom/android-platform-tools/36.0.2/platform-tools/adb -P 5037 reconnect offline'
2026-01-08 12:05:20:061 [60819848][ADB] Getting connected devices
2026-01-08 12:05:20:084 [60819848][ADB] No connected devices have been detected
2026-01-08 12:05:20:084 [60819848][ADB] Could not find online devices
2026-01-08 12:05:20:084 [60819848][ADB] Reconnecting adb (target offline)
2026-01-08 12:05:20:084 [60819848][ADB] Running '/opt/homebrew/Caskroom/android-platform-tools/36.0.2/platform-tools/adb -P 5037 reconnect offline'
2026-01-08 12:05:20:299 [60819848][ADB] Getting connected devices
2026-01-08 12:05:20:324 [60819848][ADB] No connected devices have been detected
2026-01-08 12:05:20:324 [60819848][ADB] Could not find online devices
2026-01-08 12:05:20:324 [60819848][ADB] Reconnecting adb (target offline)
2026-01-08 12:05:20:324 [60819848][ADB] Running '/opt/homebrew/Caskroom/android-platform-tools/36.0.2/platform-tools/adb -P 5037 reconnect offline'
2026-01-08 12:05:20:541 [60819848][ADB] Getting connected devices
2026-01-08 12:05:20:566 [60819848][ADB] No connected devices have been detected
2026-01-08 12:05:20:567 [60819848][ADB] Could not find online devices
2026-01-08 12:05:20:567 [60819848][ADB] Reconnecting adb (target offline)
2026-01-08 12:05:20:567 [60819848][ADB] Running '/opt/homebrew/Caskroom/android-platform-tools/36.0.2/platform-tools/adb -P 5037 reconnect offline'
2026-01-08 12:05:20:783 [60819848][ADB] Getting connected devices
2026-01-08 12:05:20:809 [60819848][ADB] No connected devices have been detected
2026-01-08 12:05:20:809 [60819848][ADB] Could not find online devices
2026-01-08 12:05:20:809 [60819848][ADB] Reconnecting adb (target offline)
2026-01-08 12:05:20:809 [60819848][ADB] Running '/opt/homebrew/Caskroom/android-platform-tools/36.0.2/platform-tools/adb -P 5037 reconnect offline'
2026-01-08 12:05:21:024 [60819848][ADB] Getting connected devices
2026-01-08 12:05:21:050 [60819848][ADB] No connected devices have been detected
2026-01-08 12:05:21:050 [60819848][ADB] Could not find online devices
2026-01-08 12:05:21:050 [60819848][ADB] Reconnecting adb (target offline)
2026-01-08 12:05:21:050 [60819848][ADB] Running '/opt/homebrew/Caskroom/android-platform-tools/36.0.2/platform-tools/adb -P 5037 reconnect offline'
2026-01-08 12:05:21:267 [60819848][ADB] Getting connected devices
2026-01-08 12:05:21:291 [60819848][ADB] No connected devices have been detected
2026-01-08 12:05:21:291 [60819848][ADB] Could not find online devices
2026-01-08 12:05:21:291 [60819848][ADB] Reconnecting adb (target offline)
2026-01-08 12:05:21:291 [60819848][ADB] Running '/opt/homebrew/Caskroom/android-platform-tools/36.0.2/platform-tools/adb -P 5037 reconnect offline'
2026-01-08 12:05:21:507 [60819848][ADB] Getting connected devices
2026-01-08 12:05:21:530 [60819848][ADB] No connected devices have been detected
2026-01-08 12:05:21:530 [60819848][ADB] Could not find online devices
2026-01-08 12:05:21:530 [60819848][ADB] Reconnecting adb (target offline)
2026-01-08 12:05:21:530 [60819848][ADB] Running '/opt/homebrew/Caskroom/android-platform-tools/36.0.2/platform-tools/adb -P 5037 reconnect offline'
2026-01-08 12:05:21:746 [60819848][ADB] Getting connected devices
2026-01-08 12:05:21:766 [60819848][ADB] No connected devices have been detected
2026-01-08 12:05:21:766 [60819848][ADB] Could not find online devices
2026-01-08 12:05:21:766 [60819848][ADB] Reconnecting adb (target offline)
2026-01-08 12:05:21:766 [60819848][ADB] Running '/opt/homebrew/Caskroom/android-platform-tools/36.0.2/platform-tools/adb -P 5037 reconnect offline'
2026-01-08 12:05:21:982 [60819848][ADB] Getting connected devices
2026-01-08 12:05:22:007 [60819848][ADB] No connected devices have been detected
2026-01-08 12:05:22:007 [60819848][ADB] Could not find online devices
2026-01-08 12:05:22:007 [60819848][ADB] Reconnecting adb (target offline)
2026-01-08 12:05:22:007 [60819848][ADB] Running '/opt/homebrew/Caskroom/android-platform-tools/36.0.2/platform-tools/adb -P 5037 reconnect offline'
2026-01-08 12:05:22:222 [60819848][ADB] Getting connected devices
2026-01-08 12:05:22:241 [60819848][ADB] No connected devices have been detected
2026-01-08 12:05:22:241 [60819848][ADB] Could not find online devices
2026-01-08 12:05:22:241 [60819848][ADB] Reconnecting adb (target offline)
2026-01-08 12:05:22:241 [60819848][ADB] Running '/opt/homebrew/Caskroom/android-platform-tools/36.0.2/platform-tools/adb -P 5037 reconnect offline'
2026-01-08 12:05:22:455 [60819848][ADB] Getting connected devices
2026-01-08 12:05:22:479 [60819848][ADB] No connected devices have been detected
2026-01-08 12:05:22:479 [60819848][ADB] Could not find online devices
2026-01-08 12:05:22:480 [60819848][ADB] Reconnecting adb (target offline)
2026-01-08 12:05:22:480 [60819848][ADB] Running '/opt/homebrew/Caskroom/android-platform-tools/36.0.2/platform-tools/adb -P 5037 reconnect offline'
2026-01-08 12:05:22:695 [60819848][ADB] Getting connected devices
2026-01-08 12:05:22:711 [60819848][ADB] No connected devices have been detected
2026-01-08 12:05:22:711 [60819848][ADB] Could not find online devices
2026-01-08 12:05:22:711 [60819848][ADB] Reconnecting adb (target offline)
2026-01-08 12:05:22:711 [60819848][ADB] Running '/opt/homebrew/Caskroom/android-platform-tools/36.0.2/platform-tools/adb -P 5037 reconnect offline'
2026-01-08 12:05:22:925 [60819848][ADB] Getting connected devices
2026-01-08 12:05:22:945 [60819848][ADB] No connected devices have been detected
2026-01-08 12:05:22:945 [60819848][ADB] Could not find online devices
2026-01-08 12:05:22:945 [60819848][ADB] Reconnecting adb (target offline)
2026-01-08 12:05:22:945 [60819848][ADB] Running '/opt/homebrew/Caskroom/android-platform-tools/36.0.2/platform-tools/adb -P 5037 reconnect offline'
2026-01-08 12:05:23:161 [60819848][ADB] Getting connected devices
2026-01-08 12:05:23:183 [60819848][ADB] No connected devices have been detected
2026-01-08 12:05:23:184 [60819848][ADB] Could not find online devices
2026-01-08 12:05:23:184 [60819848][ADB] Reconnecting adb (target offline)
2026-01-08 12:05:23:184 [60819848][ADB] Running '/opt/homebrew/Caskroom/android-platform-tools/36.0.2/platform-tools/adb -P 5037 reconnect offline'
2026-01-08 12:05:23:400 [60819848][ADB] Getting connected devices
2026-01-08 12:05:23:424 [60819848][ADB] No connected devices have been detected
2026-01-08 12:05:23:424 [60819848][ADB] Could not find online devices
2026-01-08 12:05:23:424 [60819848][ADB] Reconnecting adb (target offline)
2026-01-08 12:05:23:424 [60819848][ADB] Running '/opt/homebrew/Caskroom/android-platform-tools/36.0.2/platform-tools/adb -P 5037 reconnect offline'
2026-01-08 12:05:23:640 [60819848][ADB] Getting connected devices
2026-01-08 12:05:23:665 [60819848][ADB] No connected devices have been detected
2026-01-08 12:05:23:665 [60819848][ADB] Could not find online devices
2026-01-08 12:05:23:665 [60819848][ADB] Reconnecting adb (target offline)
2026-01-08 12:05:23:665 [60819848][ADB] Running '/opt/homebrew/Caskroom/android-platform-tools/36.0.2/platform-tools/adb -P 5037 reconnect offline'
2026-01-08 12:05:23:880 [60819848][ADB] Getting connected devices
2026-01-08 12:05:23:902 [60819848][ADB] No connected devices have been detected
2026-01-08 12:05:23:902 [60819848][ADB] Could not find online devices
2026-01-08 12:05:23:902 [60819848][ADB] Reconnecting adb (target offline)
2026-01-08 12:05:23:902 [60819848][ADB] Running '/opt/homebrew/Caskroom/android-platform-tools/36.0.2/platform-tools/adb -P 5037 reconnect offline'
2026-01-08 12:05:24:117 [60819848][ADB] Getting connected devices
2026-01-08 12:05:24:143 [60819848][ADB] No connected devices have been detected
2026-01-08 12:05:24:143 [60819848][ADB] Could not find online devices
2026-01-08 12:05:24:143 [60819848][ADB] Reconnecting adb (target offline)
2026-01-08 12:05:24:143 [60819848][ADB] Running '/opt/homebrew/Caskroom/android-platform-tools/36.0.2/platform-tools/adb -P 5037 reconnect offline'
2026-01-08 12:05:24:360 [60819848][ADB] Getting connected devices
2026-01-08 12:05:24:385 [60819848][ADB] No connected devices have been detected
2026-01-08 12:05:24:385 [60819848][ADB] Could not find online devices
2026-01-08 12:05:24:385 [60819848][ADB] Reconnecting adb (target offline)
2026-01-08 12:05:24:385 [60819848][ADB] Running '/opt/homebrew/Caskroom/android-platform-tools/36.0.2/platform-tools/adb -P 5037 reconnect offline'
2026-01-08 12:05:24:601 [60819848][ADB] Getting connected devices
2026-01-08 12:05:24:618 [60819848][ADB] No connected devices have been detected
2026-01-08 12:05:24:618 [60819848][ADB] Could not find online devices
2026-01-08 12:05:24:618 [60819848][ADB] Reconnecting adb (target offline)
2026-01-08 12:05:24:618 [60819848][ADB] Running '/opt/homebrew/Caskroom/android-platform-tools/36.0.2/platform-tools/adb -P 5037 reconnect offline'
2026-01-08 12:05:24:832 [60819848][ADB] Getting connected devices
2026-01-08 12:05:24:845 [60819848][ADB] No connected devices have been detected
2026-01-08 12:05:24:845 [60819848][ADB] Could not find online devices
2026-01-08 12:05:24:845 [60819848][ADB] Reconnecting adb (target offline)
2026-01-08 12:05:24:845 [60819848][ADB] Running '/opt/homebrew/Caskroom/android-platform-tools/36.0.2/platform-tools/adb -P 5037 reconnect offline'
2026-01-08 12:05:25:058 [60819848][ADB] Getting connected devices
2026-01-08 12:05:25:083 [60819848][ADB] No connected devices have been detected
2026-01-08 12:05:25:083 [60819848][ADB] Could not find online devices
2026-01-08 12:05:25:083 [60819848][ADB] Reconnecting adb (target offline)
2026-01-08 12:05:25:083 [60819848][ADB] Running '/opt/homebrew/Caskroom/android-platform-tools/36.0.2/platform-tools/adb -P 5037 reconnect offline'
2026-01-08 12:05:25:298 [60819848][ADB] Getting connected devices
2026-01-08 12:05:25:313 [60819848][ADB] No connected devices have been detected
2026-01-08 12:05:25:313 [60819848][ADB] Could not find online devices
2026-01-08 12:05:25:313 [60819848][ADB] Reconnecting adb (target offline)
2026-01-08 12:05:25:313 [60819848][ADB] Running '/opt/homebrew/Caskroom/android-platform-tools/36.0.2/platform-tools/adb -P 5037 reconnect offline'
2026-01-08 12:05:25:527 [60819848][ADB] Getting connected devices
2026-01-08 12:05:25:548 [60819848][ADB] No connected devices have been detected
2026-01-08 12:05:25:548 [60819848][ADB] Could not find online devices
2026-01-08 12:05:25:548 [60819848][ADB] Reconnecting adb (target offline)
2026-01-08 12:05:25:548 [60819848][ADB] Running '/opt/homebrew/Caskroom/android-platform-tools/36.0.2/platform-tools/adb -P 5037 reconnect offline'
2026-01-08 12:05:25:764 [60819848][ADB] Getting connected devices
2026-01-08 12:05:25:786 [60819848][ADB] No connected devices have been detected
2026-01-08 12:05:25:786 [60819848][ADB] Could not find online devices
2026-01-08 12:05:25:786 [60819848][ADB] Reconnecting adb (target offline)
2026-01-08 12:05:25:786 [60819848][ADB] Running '/opt/homebrew/Caskroom/android-platform-tools/36.0.2/platform-tools/adb -P 5037 reconnect offline'
2026-01-08 12:05:26:002 [60819848][ADB] Getting connected devices
2026-01-08 12:05:26:023 [60819848][ADB] No connected devices have been detected
2026-01-08 12:05:26:023 [60819848][ADB] Could not find online devices
2026-01-08 12:05:26:023 [60819848][ADB] Reconnecting adb (target offline)
2026-01-08 12:05:26:023 [60819848][ADB] Running '/opt/homebrew/Caskroom/android-platform-tools/36.0.2/platform-tools/adb -P 5037 reconnect offline'
2026-01-08 12:05:26:238 [60819848][ADB] Getting connected devices
2026-01-08 12:05:26:257 [60819848][ADB] No connected devices have been detected
2026-01-08 12:05:26:257 [60819848][ADB] Could not find online devices
2026-01-08 12:05:26:257 [60819848][ADB] Reconnecting adb (target offline)
2026-01-08 12:05:26:257 [60819848][ADB] Running '/opt/homebrew/Caskroom/android-platform-tools/36.0.2/platform-tools/adb -P 5037 reconnect offline'
2026-01-08 12:05:26:472 [60819848][ADB] Getting connected devices
2026-01-08 12:05:26:494 [60819848][ADB] No connected devices have been detected
2026-01-08 12:05:26:494 [60819848][ADB] Could not find online devices
2026-01-08 12:05:26:494 [60819848][ADB] Reconnecting adb (target offline)
2026-01-08 12:05:26:494 [60819848][ADB] Running '/opt/homebrew/Caskroom/android-platform-tools/36.0.2/platform-tools/adb -P 5037 reconnect offline'
2026-01-08 12:05:26:709 [60819848][ADB] Getting connected devices
2026-01-08 12:05:26:729 [60819848][ADB] No connected devices have been detected
2026-01-08 12:05:26:729 [60819848][ADB] Could not find online devices
2026-01-08 12:05:26:729 [60819848][ADB] Reconnecting adb (target offline)
2026-01-08 12:05:26:729 [60819848][ADB] Running '/opt/homebrew/Caskroom/android-platform-tools/36.0.2/platform-tools/adb -P 5037 reconnect offline'
2026-01-08 12:05:26:944 [60819848][ADB] Getting connected devices
2026-01-08 12:05:26:963 [60819848][ADB] No connected devices have been detected
2026-01-08 12:05:26:963 [60819848][ADB] Could not find online devices
2026-01-08 12:05:26:963 [60819848][ADB] Reconnecting adb (target offline)
2026-01-08 12:05:26:963 [60819848][ADB] Running '/opt/homebrew/Caskroom/android-platform-tools/36.0.2/platform-tools/adb -P 5037 reconnect offline'
2026-01-08 12:05:27:179 [60819848][ADB] Getting connected devices
2026-01-08 12:05:27:201 [60819848][ADB] No connected devices have been detected
2026-01-08 12:05:27:202 [60819848][ADB] Could not find online devices
2026-01-08 12:05:27:202 [60819848][ADB] Reconnecting adb (target offline)
2026-01-08 12:05:27:202 [60819848][ADB] Running '/opt/homebrew/Caskroom/android-platform-tools/36.0.2/platform-tools/adb -P 5037 reconnect offline'
2026-01-08 12:05:27:417 [60819848][ADB] Getting connected devices
2026-01-08 12:05:27:444 [60819848][ADB] No connected devices have been detected
2026-01-08 12:05:27:444 [60819848][ADB] Could not find online devices
2026-01-08 12:05:27:444 [60819848][ADB] Reconnecting adb (target offline)
2026-01-08 12:05:27:445 [60819848][ADB] Running '/opt/homebrew/Caskroom/android-platform-tools/36.0.2/platform-tools/adb -P 5037 reconnect offline'
2026-01-08 12:05:27:660 [60819848][ADB] Getting connected devices
2026-01-08 12:05:27:670 [60819848][ADB] No connected devices have been detected
2026-01-08 12:05:27:670 [60819848][ADB] Could not find online devices
2026-01-08 12:05:27:670 [60819848][ADB] Reconnecting adb (target offline)
2026-01-08 12:05:27:670 [60819848][ADB] Running '/opt/homebrew/Caskroom/android-platform-tools/36.0.2/platform-tools/adb -P 5037 reconnect offline'
2026-01-08 12:05:27:882 [60819848][ADB] Getting connected devices
2026-01-08 12:05:27:906 [60819848][ADB] No connected devices have been detected
2026-01-08 12:05:27:906 [60819848][ADB] Could not find online devices
2026-01-08 12:05:27:906 [60819848][ADB] Reconnecting adb (target offline)
2026-01-08 12:05:27:906 [60819848][ADB] Running '/opt/homebrew/Caskroom/android-platform-tools/36.0.2/platform-tools/adb -P 5037 reconnect offline'
2026-01-08 12:05:28:121 [60819848][ADB] Getting connected devices
2026-01-08 12:05:28:146 [60819848][ADB] No connected devices have been detected
2026-01-08 12:05:28:146 [60819848][ADB] Could not find online devices
2026-01-08 12:05:28:146 [60819848][ADB] Reconnecting adb (target offline)
2026-01-08 12:05:28:146 [60819848][ADB] Running '/opt/homebrew/Caskroom/android-platform-tools/36.0.2/platform-tools/adb -P 5037 reconnect offline'
2026-01-08 12:05:28:362 [60819848][ADB] Getting connected devices
2026-01-08 12:05:28:390 [60819848][ADB] No connected devices have been detected
2026-01-08 12:05:28:390 [60819848][ADB] Could not find online devices
2026-01-08 12:05:28:390 [60819848][ADB] Reconnecting adb (target offline)
2026-01-08 12:05:28:390 [60819848][ADB] Running '/opt/homebrew/Caskroom/android-platform-tools/36.0.2/platform-tools/adb -P 5037 reconnect offline'
2026-01-08 12:05:28:607 [60819848][ADB] Getting connected devices
2026-01-08 12:05:28:631 [60819848][ADB] No connected devices have been detected
2026-01-08 12:05:28:631 [60819848][ADB] Could not find online devices
2026-01-08 12:05:28:631 [60819848][ADB] Reconnecting adb (target offline)
2026-01-08 12:05:28:631 [60819848][ADB] Running '/opt/homebrew/Caskroom/android-platform-tools/36.0.2/platform-tools/adb -P 5037 reconnect offline'
2026-01-08 12:05:28:847 [60819848][ADB] Getting connected devices
2026-01-08 12:05:28:868 [60819848][ADB] No connected devices have been detected
2026-01-08 12:05:28:868 [60819848][ADB] Could not find online devices
2026-01-08 12:05:28:868 [60819848][ADB] Reconnecting adb (target offline)
2026-01-08 12:05:28:868 [60819848][ADB] Running '/opt/homebrew/Caskroom/android-platform-tools/36.0.2/platform-tools/adb -P 5037 reconnect offline'
2026-01-08 12:05:29:084 [60819848][ADB] Getting connected devices
2026-01-08 12:05:29:109 [60819848][ADB] No connected devices have been detected
2026-01-08 12:05:29:109 [60819848][ADB] Could not find online devices
2026-01-08 12:05:29:109 [60819848][ADB] Reconnecting adb (target offline)
2026-01-08 12:05:29:109 [60819848][ADB] Running '/opt/homebrew/Caskroom/android-platform-tools/36.0.2/platform-tools/adb -P 5037 reconnect offline'
2026-01-08 12:05:29:325 [60819848][ADB] Getting connected devices
2026-01-08 12:05:29:351 [60819848][ADB] No connected devices have been detected
2026-01-08 12:05:29:351 [60819848][ADB] Could not find online devices
2026-01-08 12:05:29:351 [60819848][ADB] Reconnecting adb (target offline)
2026-01-08 12:05:29:351 [60819848][ADB] Running '/opt/homebrew/Caskroom/android-platform-tools/36.0.2/platform-tools/adb -P 5037 reconnect offline'
2026-01-08 12:05:29:567 [60819848][ADB] Getting connected devices
2026-01-08 12:05:29:589 [60819848][ADB] No connected devices have been detected
2026-01-08 12:05:29:589 [60819848][ADB] Could not find online devices
2026-01-08 12:05:29:589 [60819848][ADB] Reconnecting adb (target offline)
2026-01-08 12:05:29:589 [60819848][ADB] Running '/opt/homebrew/Caskroom/android-platform-tools/36.0.2/platform-tools/adb -P 5037 reconnect offline'
2026-01-08 12:05:29:804 [60819848][ADB] Getting connected devices
2026-01-08 12:05:29:816 [60819848][ADB] No connected devices have been detected
2026-01-08 12:05:29:817 [60819848][ADB] Could not find online devices
2026-01-08 12:05:29:817 [60819848][ADB] Reconnecting adb (target offline)
2026-01-08 12:05:29:817 [60819848][ADB] Running '/opt/homebrew/Caskroom/android-platform-tools/36.0.2/platform-tools/adb -P 5037 reconnect offline'
2026-01-08 12:05:30:031 [60819848][ADB] Getting connected devices
2026-01-08 12:05:30:053 [60819848][ADB] No connected devices have been detected
2026-01-08 12:05:30:053 [60819848][ADB] Could not find online devices
2026-01-08 12:05:30:053 [60819848][ADB] Reconnecting adb (target offline)
2026-01-08 12:05:30:053 [60819848][ADB] Running '/opt/homebrew/Caskroom/android-platform-tools/36.0.2/platform-tools/adb -P 5037 reconnect offline'
2026-01-08 12:05:30:268 [60819848][ADB] Getting connected devices
2026-01-08 12:05:30:287 [60819848][ADB] No connected devices have been detected
2026-01-08 12:05:30:287 [60819848][ADB] Could not find online devices
2026-01-08 12:05:30:287 [60819848][ADB] Reconnecting adb (target offline)
2026-01-08 12:05:30:287 [60819848][ADB] Running '/opt/homebrew/Caskroom/android-platform-tools/36.0.2/platform-tools/adb -P 5037 reconnect offline'
2026-01-08 12:05:30:502 [60819848][ADB] Getting connected devices
2026-01-08 12:05:30:527 [60819848][ADB] No connected devices have been detected
2026-01-08 12:05:30:527 [60819848][ADB] Could not find online devices
2026-01-08 12:05:30:527 [60819848][ADB] Reconnecting adb (target offline)
2026-01-08 12:05:30:527 [60819848][ADB] Running '/opt/homebrew/Caskroom/android-platform-tools/36.0.2/platform-tools/adb -P 5037 reconnect offline'
2026-01-08 12:05:30:743 [60819848][ADB] Getting connected devices
2026-01-08 12:05:30:768 [60819848][ADB] No connected devices have been detected
2026-01-08 12:05:30:768 [60819848][ADB] Could not find online devices
2026-01-08 12:05:30:768 [60819848][ADB] Reconnecting adb (target offline)
2026-01-08 12:05:30:768 [60819848][ADB] Running '/opt/homebrew/Caskroom/android-platform-tools/36.0.2/platform-tools/adb -P 5037 reconnect offline'
2026-01-08 12:05:30:817 [60819848][ADB] Getting connected devices
2026-01-08 12:05:30:831 [60819848][ADB] No connected devices have been detected
2026-01-08 12:05:30:831 [60819848][ADB] Could not find online devices
2026-01-08 12:05:30:831 [60819848][ADB] Reconnecting adb (target offline)
2026-01-08 12:05:30:831 [60819848][ADB] Running '/opt/homebrew/Caskroom/android-platform-tools/36.0.2/platform-tools/adb -P 5037 reconnect offline'
2026-01-08 12:05:30:843 [60819848][AndroidUiautomator2Driver@17fe] Deleting UiAutomator2 session
2026-01-08 12:05:30:843 [60819848][AndroidUiautomator2Driver@17fe] Unable to stop ChromeDriver proxies: Cannot read properties of undefined (reading 'proxyReqRes')
2026-01-08 12:05:30:843 [60819848][AppiumDriver@eb75] Event 'newSessionStarted' logged at 1767873930843 (14:05:30 GMT+0200 (Israel Standard Time))
2026-01-08 12:05:30:861 [60819848][AppiumDriver@eb75] Encountered internal error running command: Error: Could not find a connected Android device in 20000ms
    at ADB.getDevicesWithRetry (/Users/eladyerushalmi/.appium/node_modules/appium-uiautomator2-driver/node_modules/appium-adb/lib/tools/system-calls.js:332:13)
    at Object.getDeviceInfoFromCaps (/Users/eladyerushalmi/.appium/node_modules/appium-uiautomator2-driver/node_modules/appium-android-driver/lib/helpers/android.ts:378:23)
    at AndroidUiautomator2Driver.startUiAutomator2Session (/Users/eladyerushalmi/.appium/node_modules/appium-uiautomator2-driver/lib/driver.ts:425:28)
    at AndroidUiautomator2Driver.createSession (/Users/eladyerushalmi/.appium/node_modules/appium-uiautomator2-driver/lib/driver.ts:299:22)
    at AppiumDriver.createSession (/Users/eladyerushalmi/.nvm/versions/node/v22.4.0/lib/node_modules/appium/lib/appium.js:379:35)
2026-01-08 12:05:30:868 [60819848][HTTP] <-- POST /session 500 20128 ms - 680 
2026-01-08 12:05:30:947 [HTTP] Request idempotency key: f716ffaf-be15-4900-bfa6-a2d1487f5be0
2026-01-08 12:05:30:948 [HTTP] --> POST /session {"capabilities":{"firstMatch":[{"appium:noReset":false,"appium:appActivity":"com.saucelabs.mydemoapp.android.view.activities.SplashActivity","appium:deviceName":"emulator-5554","platformName":"ANDROID","appium:automationName":"UiAutomator2","appium:fullReset":false,"appium:app":"/Users/eladyerushalmi/Documents/sauce-sample-app-mobile-automation/src/test/resources/apps/mda.apk","appium:appPackage":"com.saucelabs.mydemoapp.android"}]}}
2026-01-08 12:05:30:948 [AppiumDriver@eb75] Calling AppiumDriver.createSession() with args: [null,null,{"firstMatch":[{"appium:noReset":false,"appium:appActivity":"com.saucelabs.mydemoapp.android.view.activities.SplashActivity","appium:deviceName":"emulator-5554","platformName":"ANDROID","appium:automationName":"UiAutomator2","appium:fullReset":false,"appium:app":"/Users/eladyerushalmi/Documents/sauce-sample-app-mobile-automation/src/test/resources/apps/mda.apk","appium:appPackage":"com.saucelabs.mydemoapp.android"}]}]
2026-01-08 12:05:30:948 [AppiumDriver@eb75] Event 'newSessionRequested' logged at 1767873930948 (14:05:30 GMT+0200 (Israel Standard Time))
2026-01-08 12:05:30:948 [Appium] Attempting to find matching driver for automationName 'UiAutomator2' and platformName 'ANDROID'
2026-01-08 12:05:30:948 [Appium] The 'uiautomator2' driver was installed and matched caps.
2026-01-08 12:05:30:948 [Appium] Will require it at /Users/eladyerushalmi/.appium/node_modules/appium-uiautomator2-driver
2026-01-08 12:05:30:949 [Appium] Requiring driver at /Users/eladyerushalmi/.appium/node_modules/appium-uiautomator2-driver/build/index.js
2026-01-08 12:05:30:949 [AppiumDriver@eb75] Appium v2.19.0 creating new AndroidUiautomator2Driver (v2.42.1) session
2026-01-08 12:05:30:949 [AppiumDriver@eb75] Checking BaseDriver versions for Appium and AndroidUiautomator2Driver
2026-01-08 12:05:30:949 [AppiumDriver@eb75] Appium's BaseDriver version is 9.18.0
2026-01-08 12:05:30:949 [AppiumDriver@eb75] AndroidUiautomator2Driver's BaseDriver version is 9.18.0
2026-01-08 12:05:30:949 [38;5;-117m[AndroidUiautomator2Driver@4747] 
2026-01-08 12:05:30:949 [38;5;-117m[AndroidUiautomator2Driver@4747] Creating session with W3C capabilities: {
  "alwaysMatch": {
    "platformName": "ANDROID",
    "appium:noReset": false,
    "appium:appActivity": "com.saucelabs.mydemoapp.android.view.activities.SplashActivity",
    "appium:deviceName": "emulator-5554",
    "appium:automationName": "UiAutomator2",
    "appium:fullReset": false,
    "appium:app": "/Users/eladyerushalmi/Documents/sauce-sample-app-mobile-automation/src/test/resources/apps/mda.apk",
    "appium:appPackage": "com.saucelabs.mydemoapp.android"
  },
  "firstMatch": [
    {}
  ]
}
2026-01-08 12:05:30:950 [1b2889f2][38;5;-117m[AndroidUiautomator2Driver@4747] Session created with session id: 1b2889f2-eed0-48aa-ab18-c119979f25c2
2026-01-08 12:05:30:951 [1b2889f2][BaseDriver] Using local app '/Users/eladyerushalmi/Documents/sauce-sample-app-mobile-automation/src/test/resources/apps/mda.apk'
2026-01-08 12:05:30:979 [1b2889f2][38;5;-117m[AndroidUiautomator2Driver@4747] Checking whether app is actually present
2026-01-08 12:05:30:980 [1b2889f2][ADB] Using 'adb' from '/opt/homebrew/Caskroom/android-platform-tools/36.0.2/platform-tools/adb'
2026-01-08 12:05:30:980 [1b2889f2][ADB] Running '/opt/homebrew/Caskroom/android-platform-tools/36.0.2/platform-tools/adb -P 5037 start-server'
2026-01-08 12:05:30:989 [1b2889f2][AndroidDriver] Retrieving device list
2026-01-08 12:05:30:989 [1b2889f2][ADB] Trying to find connected Android devices
2026-01-08 12:05:30:989 [1b2889f2][ADB] Getting connected devices
2026-01-08 12:05:30:999 [1b2889f2][ADB] No connected devices have been detected
2026-01-08 12:05:30:999 [1b2889f2][ADB] Could not find online devices
2026-01-08 12:05:30:999 [1b2889f2][ADB] Reconnecting adb (target offline)
2026-01-08 12:05:30:999 [1b2889f2][ADB] Running '/opt/homebrew/Caskroom/android-platform-tools/36.0.2/platform-tools/adb -P 5037 reconnect offline'
2026-01-08 12:05:31:209 [1b2889f2][ADB] Getting connected devices
2026-01-08 12:05:31:227 [1b2889f2][ADB] No connected devices have been detected
2026-01-08 12:05:31:228 [1b2889f2][ADB] Could not find online devices
2026-01-08 12:05:31:228 [1b2889f2][ADB] Reconnecting adb (target offline)
2026-01-08 12:05:31:228 [1b2889f2][ADB] Running '/opt/homebrew/Caskroom/android-platform-tools/36.0.2/platform-tools/adb -P 5037 reconnect offline'
2026-01-08 12:05:31:442 [1b2889f2][ADB] Getting connected devices
2026-01-08 12:05:31:468 [1b2889f2][ADB] No connected devices have been detected
2026-01-08 12:05:31:468 [1b2889f2][ADB] Could not find online devices
2026-01-08 12:05:31:468 [1b2889f2][ADB] Reconnecting adb (target offline)
2026-01-08 12:05:31:468 [1b2889f2][ADB] Running '/opt/homebrew/Caskroom/android-platform-tools/36.0.2/platform-tools/adb -P 5037 reconnect offline'
2026-01-08 12:05:31:686 [1b2889f2][ADB] Getting connected devices
2026-01-08 12:05:31:710 [1b2889f2][ADB] No connected devices have been detected
2026-01-08 12:05:31:710 [1b2889f2][ADB] Could not find online devices
2026-01-08 12:05:31:710 [1b2889f2][ADB] Reconnecting adb (target offline)
2026-01-08 12:05:31:710 [1b2889f2][ADB] Running '/opt/homebrew/Caskroom/android-platform-tools/36.0.2/platform-tools/adb -P 5037 reconnect offline'
2026-01-08 12:05:31:925 [1b2889f2][ADB] Getting connected devices
2026-01-08 12:05:31:944 [1b2889f2][ADB] No connected devices have been detected
2026-01-08 12:05:31:944 [1b2889f2][ADB] Could not find online devices
2026-01-08 12:05:31:944 [1b2889f2][ADB] Reconnecting adb (target offline)
2026-01-08 12:05:31:944 [1b2889f2][ADB] Running '/opt/homebrew/Caskroom/android-platform-tools/36.0.2/platform-tools/adb -P 5037 reconnect offline'
2026-01-08 12:05:32:159 [1b2889f2][ADB] Getting connected devices
2026-01-08 12:05:32:171 [1b2889f2][ADB] No connected devices have been detected
2026-01-08 12:05:32:171 [1b2889f2][ADB] Could not find online devices
2026-01-08 12:05:32:171 [1b2889f2][ADB] Reconnecting adb (target offline)
2026-01-08 12:05:32:171 [1b2889f2][ADB] Running '/opt/homebrew/Caskroom/android-platform-tools/36.0.2/platform-tools/adb -P 5037 reconnect offline'
2026-01-08 12:05:32:384 [1b2889f2][ADB] Getting connected devices
2026-01-08 12:05:32:404 [1b2889f2][ADB] No connected devices have been detected
2026-01-08 12:05:32:404 [1b2889f2][ADB] Could not find online devices
2026-01-08 12:05:32:404 [1b2889f2][ADB] Reconnecting adb (target offline)
2026-01-08 12:05:32:404 [1b2889f2][ADB] Running '/opt/homebrew/Caskroom/android-platform-tools/36.0.2/platform-tools/adb -P 5037 reconnect offline'
2026-01-08 12:05:32:621 [1b2889f2][ADB] Getting connected devices
2026-01-08 12:05:32:645 [1b2889f2][ADB] No connected devices have been detected
2026-01-08 12:05:32:646 [1b2889f2][ADB] Could not find online devices
2026-01-08 12:05:32:646 [1b2889f2][ADB] Reconnecting adb (target offline)
2026-01-08 12:05:32:646 [1b2889f2][ADB] Running '/opt/homebrew/Caskroom/android-platform-tools/36.0.2/platform-tools/adb -P 5037 reconnect offline'
2026-01-08 12:05:32:861 [1b2889f2][ADB] Getting connected devices
2026-01-08 12:05:32:888 [1b2889f2][ADB] No connected devices have been detected
2026-01-08 12:05:32:888 [1b2889f2][ADB] Could not find online devices
2026-01-08 12:05:32:889 [1b2889f2][ADB] Reconnecting adb (target offline)
2026-01-08 12:05:32:889 [1b2889f2][ADB] Running '/opt/homebrew/Caskroom/android-platform-tools/36.0.2/platform-tools/adb -P 5037 reconnect offline'
2026-01-08 12:05:33:107 [1b2889f2][ADB] Getting connected devices
2026-01-08 12:05:33:134 [1b2889f2][ADB] No connected devices have been detected
2026-01-08 12:05:33:134 [1b2889f2][ADB] Could not find online devices
2026-01-08 12:05:33:134 [1b2889f2][ADB] Reconnecting adb (target offline)
2026-01-08 12:05:33:134 [1b2889f2][ADB] Running '/opt/homebrew/Caskroom/android-platform-tools/36.0.2/platform-tools/adb -P 5037 reconnect offline'
2026-01-08 12:05:33:352 [1b2889f2][ADB] Getting connected devices
2026-01-08 12:05:33:376 [1b2889f2][ADB] No connected devices have been detected
2026-01-08 12:05:33:376 [1b2889f2][ADB] Could not find online devices
2026-01-08 12:05:33:376 [1b2889f2][ADB] Reconnecting adb (target offline)
2026-01-08 12:05:33:376 [1b2889f2][ADB] Running '/opt/homebrew/Caskroom/android-platform-tools/36.0.2/platform-tools/adb -P 5037 reconnect offline'
2026-01-08 12:05:33:591 [1b2889f2][ADB] Getting connected devices
2026-01-08 12:05:33:614 [1b2889f2][ADB] No connected devices have been detected
2026-01-08 12:05:33:614 [1b2889f2][ADB] Could not find online devices
2026-01-08 12:05:33:614 [1b2889f2][ADB] Reconnecting adb (target offline)
2026-01-08 12:05:33:614 [1b2889f2][ADB] Running '/opt/homebrew/Caskroom/android-platform-tools/36.0.2/platform-tools/adb -P 5037 reconnect offline'
2026-01-08 12:05:33:830 [1b2889f2][ADB] Getting connected devices
2026-01-08 12:05:33:855 [1b2889f2][ADB] No connected devices have been detected
2026-01-08 12:05:33:855 [1b2889f2][ADB] Could not find online devices
2026-01-08 12:05:33:855 [1b2889f2][ADB] Reconnecting adb (target offline)
2026-01-08 12:05:33:855 [1b2889f2][ADB] Running '/opt/homebrew/Caskroom/android-platform-tools/36.0.2/platform-tools/adb -P 5037 reconnect offline'
2026-01-08 12:05:34:070 [1b2889f2][ADB] Getting connected devices
2026-01-08 12:05:34:093 [1b2889f2][ADB] No connected devices have been detected
2026-01-08 12:05:34:093 [1b2889f2][ADB] Could not find online devices
2026-01-08 12:05:34:093 [1b2889f2][ADB] Reconnecting adb (target offline)
2026-01-08 12:05:34:093 [1b2889f2][ADB] Running '/opt/homebrew/Caskroom/android-platform-tools/36.0.2/platform-tools/adb -P 5037 reconnect offline'
2026-01-08 12:05:34:309 [1b2889f2][ADB] Getting connected devices
2026-01-08 12:05:34:333 [1b2889f2][ADB] No connected devices have been detected
2026-01-08 12:05:34:333 [1b2889f2][ADB] Could not find online devices
2026-01-08 12:05:34:333 [1b2889f2][ADB] Reconnecting adb (target offline)
2026-01-08 12:05:34:333 [1b2889f2][ADB] Running '/opt/homebrew/Caskroom/android-platform-tools/36.0.2/platform-tools/adb -P 5037 reconnect offline'
2026-01-08 12:05:34:550 [1b2889f2][ADB] Getting connected devices
2026-01-08 12:05:34:574 [1b2889f2][ADB] No connected devices have been detected
2026-01-08 12:05:34:574 [1b2889f2][ADB] Could not find online devices
2026-01-08 12:05:34:574 [1b2889f2][ADB] Reconnecting adb (target offline)
2026-01-08 12:05:34:574 [1b2889f2][ADB] Running '/opt/homebrew/Caskroom/android-platform-tools/36.0.2/platform-tools/adb -P 5037 reconnect offline'
2026-01-08 12:05:34:789 [1b2889f2][ADB] Getting connected devices
2026-01-08 12:05:34:801 [1b2889f2][ADB] No connected devices have been detected
2026-01-08 12:05:34:801 [1b2889f2][ADB] Could not find online devices
2026-01-08 12:05:34:801 [1b2889f2][ADB] Reconnecting adb (target offline)
2026-01-08 12:05:34:801 [1b2889f2][ADB] Running '/opt/homebrew/Caskroom/android-platform-tools/36.0.2/platform-tools/adb -P 5037 reconnect offline'
2026-01-08 12:05:35:013 [1b2889f2][ADB] Getting connected devices
2026-01-08 12:05:35:037 [1b2889f2][ADB] No connected devices have been detected
2026-01-08 12:05:35:037 [1b2889f2][ADB] Could not find online devices
2026-01-08 12:05:35:037 [1b2889f2][ADB] Reconnecting adb (target offline)
2026-01-08 12:05:35:037 [1b2889f2][ADB] Running '/opt/homebrew/Caskroom/android-platform-tools/36.0.2/platform-tools/adb -P 5037 reconnect offline'
2026-01-08 12:05:35:253 [1b2889f2][ADB] Getting connected devices
2026-01-08 12:05:35:276 [1b2889f2][ADB] No connected devices have been detected
2026-01-08 12:05:35:277 [1b2889f2][ADB] Could not find online devices
2026-01-08 12:05:35:277 [1b2889f2][ADB] Reconnecting adb (target offline)
2026-01-08 12:05:35:277 [1b2889f2][ADB] Running '/opt/homebrew/Caskroom/android-platform-tools/36.0.2/platform-tools/adb -P 5037 reconnect offline'
2026-01-08 12:05:35:494 [1b2889f2][ADB] Getting connected devices
2026-01-08 12:05:35:521 [1b2889f2][ADB] No connected devices have been detected
2026-01-08 12:05:35:521 [1b2889f2][ADB] Could not find online devices
2026-01-08 12:05:35:521 [1b2889f2][ADB] Reconnecting adb (target offline)
2026-01-08 12:05:35:521 [1b2889f2][ADB] Running '/opt/homebrew/Caskroom/android-platform-tools/36.0.2/platform-tools/adb -P 5037 reconnect offline'
2026-01-08 12:05:35:738 [1b2889f2][ADB] Getting connected devices
2026-01-08 12:05:35:763 [1b2889f2][ADB] No connected devices have been detected
2026-01-08 12:05:35:763 [1b2889f2][ADB] Could not find online devices
2026-01-08 12:05:35:763 [1b2889f2][ADB] Reconnecting adb (target offline)
2026-01-08 12:05:35:764 [1b2889f2][ADB] Running '/opt/homebrew/Caskroom/android-platform-tools/36.0.2/platform-tools/adb -P 5037 reconnect offline'
2026-01-08 12:05:35:979 [1b2889f2][ADB] Getting connected devices
2026-01-08 12:05:36:003 [1b2889f2][ADB] No connected devices have been detected
2026-01-08 12:05:36:004 [1b2889f2][ADB] Could not find online devices
2026-01-08 12:05:36:004 [1b2889f2][ADB] Reconnecting adb (target offline)
2026-01-08 12:05:36:004 [1b2889f2][ADB] Running '/opt/homebrew/Caskroom/android-platform-tools/36.0.2/platform-tools/adb -P 5037 reconnect offline'
2026-01-08 12:05:36:219 [1b2889f2][ADB] Getting connected devices
2026-01-08 12:05:36:243 [1b2889f2][ADB] No connected devices have been detected
2026-01-08 12:05:36:243 [1b2889f2][ADB] Could not find online devices
2026-01-08 12:05:36:243 [1b2889f2][ADB] Reconnecting adb (target offline)
2026-01-08 12:05:36:243 [1b2889f2][ADB] Running '/opt/homebrew/Caskroom/android-platform-tools/36.0.2/platform-tools/adb -P 5037 reconnect offline'
2026-01-08 12:05:36:459 [1b2889f2][ADB] Getting connected devices
2026-01-08 12:05:36:483 [1b2889f2][ADB] No connected devices have been detected
2026-01-08 12:05:36:483 [1b2889f2][ADB] Could not find online devices
2026-01-08 12:05:36:483 [1b2889f2][ADB] Reconnecting adb (target offline)
2026-01-08 12:05:36:483 [1b2889f2][ADB] Running '/opt/homebrew/Caskroom/android-platform-tools/36.0.2/platform-tools/adb -P 5037 reconnect offline'
2026-01-08 12:05:36:698 [1b2889f2][ADB] Getting connected devices
2026-01-08 12:05:36:720 [1b2889f2][ADB] No connected devices have been detected
2026-01-08 12:05:36:720 [1b2889f2][ADB] Could not find online devices
2026-01-08 12:05:36:720 [1b2889f2][ADB] Reconnecting adb (target offline)
2026-01-08 12:05:36:720 [1b2889f2][ADB] Running '/opt/homebrew/Caskroom/android-platform-tools/36.0.2/platform-tools/adb -P 5037 reconnect offline'
2026-01-08 12:05:36:936 [1b2889f2][ADB] Getting connected devices
2026-01-08 12:05:36:955 [1b2889f2][ADB] No connected devices have been detected
2026-01-08 12:05:36:956 [1b2889f2][ADB] Could not find online devices
2026-01-08 12:05:36:956 [1b2889f2][ADB] Reconnecting adb (target offline)
2026-01-08 12:05:36:956 [1b2889f2][ADB] Running '/opt/homebrew/Caskroom/android-platform-tools/36.0.2/platform-tools/adb -P 5037 reconnect offline'
2026-01-08 12:05:37:171 [1b2889f2][ADB] Getting connected devices
2026-01-08 12:05:37:196 [1b2889f2][ADB] No connected devices have been detected
2026-01-08 12:05:37:196 [1b2889f2][ADB] Could not find online devices
2026-01-08 12:05:37:196 [1b2889f2][ADB] Reconnecting adb (target offline)
2026-01-08 12:05:37:196 [1b2889f2][ADB] Running '/opt/homebrew/Caskroom/android-platform-tools/36.0.2/platform-tools/adb -P 5037 reconnect offline'
2026-01-08 12:05:37:411 [1b2889f2][ADB] Getting connected devices
2026-01-08 12:05:37:434 [1b2889f2][ADB] No connected devices have been detected
2026-01-08 12:05:37:434 [1b2889f2][ADB] Could not find online devices
2026-01-08 12:05:37:434 [1b2889f2][ADB] Reconnecting adb (target offline)
2026-01-08 12:05:37:434 [1b2889f2][ADB] Running '/opt/homebrew/Caskroom/android-platform-tools/36.0.2/platform-tools/adb -P 5037 reconnect offline'
2026-01-08 12:05:37:650 [1b2889f2][ADB] Getting connected devices
2026-01-08 12:05:37:676 [1b2889f2][ADB] No connected devices have been detected
2026-01-08 12:05:37:676 [1b2889f2][ADB] Could not find online devices
2026-01-08 12:05:37:676 [1b2889f2][ADB] Reconnecting adb (target offline)
2026-01-08 12:05:37:676 [1b2889f2][ADB] Running '/opt/homebrew/Caskroom/android-platform-tools/36.0.2/platform-tools/adb -P 5037 reconnect offline'
2026-01-08 12:05:37:894 [1b2889f2][ADB] Getting connected devices
2026-01-08 12:05:37:921 [1b2889f2][ADB] No connected devices have been detected
2026-01-08 12:05:37:921 [1b2889f2][ADB] Could not find online devices
2026-01-08 12:05:37:921 [1b2889f2][ADB] Reconnecting adb (target offline)
2026-01-08 12:05:37:921 [1b2889f2][ADB] Running '/opt/homebrew/Caskroom/android-platform-tools/36.0.2/platform-tools/adb -P 5037 reconnect offline'
2026-01-08 12:05:38:138 [1b2889f2][ADB] Getting connected devices
2026-01-08 12:05:38:161 [1b2889f2][ADB] No connected devices have been detected
2026-01-08 12:05:38:161 [1b2889f2][ADB] Could not find online devices
2026-01-08 12:05:38:161 [1b2889f2][ADB] Reconnecting adb (target offline)
2026-01-08 12:05:38:161 [1b2889f2][ADB] Running '/opt/homebrew/Caskroom/android-platform-tools/36.0.2/platform-tools/adb -P 5037 reconnect offline'
2026-01-08 12:05:38:377 [1b2889f2][ADB] Getting connected devices
2026-01-08 12:05:38:402 [1b2889f2][ADB] No connected devices have been detected
2026-01-08 12:05:38:402 [1b2889f2][ADB] Could not find online devices
2026-01-08 12:05:38:402 [1b2889f2][ADB] Reconnecting adb (target offline)
2026-01-08 12:05:38:402 [1b2889f2][ADB] Running '/opt/homebrew/Caskroom/android-platform-tools/36.0.2/platform-tools/adb -P 5037 reconnect offline'
2026-01-08 12:05:38:618 [1b2889f2][ADB] Getting connected devices
2026-01-08 12:05:38:641 [1b2889f2][ADB] No connected devices have been detected
2026-01-08 12:05:38:642 [1b2889f2][ADB] Could not find online devices
2026-01-08 12:05:38:642 [1b2889f2][ADB] Reconnecting adb (target offline)
2026-01-08 12:05:38:642 [1b2889f2][ADB] Running '/opt/homebrew/Caskroom/android-platform-tools/36.0.2/platform-tools/adb -P 5037 reconnect offline'
2026-01-08 12:05:38:857 [1b2889f2][ADB] Getting connected devices
2026-01-08 12:05:38:883 [1b2889f2][ADB] No connected devices have been detected
2026-01-08 12:05:38:883 [1b2889f2][ADB] Could not find online devices
2026-01-08 12:05:38:883 [1b2889f2][ADB] Reconnecting adb (target offline)
2026-01-08 12:05:38:883 [1b2889f2][ADB] Running '/opt/homebrew/Caskroom/android-platform-tools/36.0.2/platform-tools/adb -P 5037 reconnect offline'
2026-01-08 12:05:39:100 [1b2889f2][ADB] Getting connected devices
2026-01-08 12:05:39:123 [1b2889f2][ADB] No connected devices have been detected
2026-01-08 12:05:39:123 [1b2889f2][ADB] Could not find online devices
2026-01-08 12:05:39:123 [1b2889f2][ADB] Reconnecting adb (target offline)
2026-01-08 12:05:39:124 [1b2889f2][ADB] Running '/opt/homebrew/Caskroom/android-platform-tools/36.0.2/platform-tools/adb -P 5037 reconnect offline'
2026-01-08 12:05:39:339 [1b2889f2][ADB] Getting connected devices
2026-01-08 12:05:39:364 [1b2889f2][ADB] No connected devices have been detected
2026-01-08 12:05:39:364 [1b2889f2][ADB] Could not find online devices
2026-01-08 12:05:39:364 [1b2889f2][ADB] Reconnecting adb (target offline)
2026-01-08 12:05:39:364 [1b2889f2][ADB] Running '/opt/homebrew/Caskroom/android-platform-tools/36.0.2/platform-tools/adb -P 5037 reconnect offline'
2026-01-08 12:05:39:581 [1b2889f2][ADB] Getting connected devices
2026-01-08 12:05:39:606 [1b2889f2][ADB] No connected devices have been detected
2026-01-08 12:05:39:606 [1b2889f2][ADB] Could not find online devices
2026-01-08 12:05:39:606 [1b2889f2][ADB] Reconnecting adb (target offline)
2026-01-08 12:05:39:606 [1b2889f2][ADB] Running '/opt/homebrew/Caskroom/android-platform-tools/36.0.2/platform-tools/adb -P 5037 reconnect offline'
2026-01-08 12:05:39:821 [1b2889f2][ADB] Getting connected devices
2026-01-08 12:05:39:834 [1b2889f2][ADB] No connected devices have been detected
2026-01-08 12:05:39:834 [1b2889f2][ADB] Could not find online devices
2026-01-08 12:05:39:834 [1b2889f2][ADB] Reconnecting adb (target offline)
2026-01-08 12:05:39:834 [1b2889f2][ADB] Running '/opt/homebrew/Caskroom/android-platform-tools/36.0.2/platform-tools/adb -P 5037 reconnect offline'
2026-01-08 12:05:40:048 [1b2889f2][ADB] Getting connected devices
2026-01-08 12:05:40:072 [1b2889f2][ADB] No connected devices have been detected
2026-01-08 12:05:40:072 [1b2889f2][ADB] Could not find online devices
2026-01-08 12:05:40:072 [1b2889f2][ADB] Reconnecting adb (target offline)
2026-01-08 12:05:40:072 [1b2889f2][ADB] Running '/opt/homebrew/Caskroom/android-platform-tools/36.0.2/platform-tools/adb -P 5037 reconnect offline'
2026-01-08 12:05:40:288 [1b2889f2][ADB] Getting connected devices
2026-01-08 12:05:40:315 [1b2889f2][ADB] No connected devices have been detected
2026-01-08 12:05:40:315 [1b2889f2][ADB] Could not find online devices
2026-01-08 12:05:40:315 [1b2889f2][ADB] Reconnecting adb (target offline)
2026-01-08 12:05:40:315 [1b2889f2][ADB] Running '/opt/homebrew/Caskroom/android-platform-tools/36.0.2/platform-tools/adb -P 5037 reconnect offline'
2026-01-08 12:05:40:532 [1b2889f2][ADB] Getting connected devices
2026-01-08 12:05:40:558 [1b2889f2][ADB] No connected devices have been detected
2026-01-08 12:05:40:558 [1b2889f2][ADB] Could not find online devices
2026-01-08 12:05:40:558 [1b2889f2][ADB] Reconnecting adb (target offline)
2026-01-08 12:05:40:558 [1b2889f2][ADB] Running '/opt/homebrew/Caskroom/android-platform-tools/36.0.2/platform-tools/adb -P 5037 reconnect offline'
2026-01-08 12:05:40:775 [1b2889f2][ADB] Getting connected devices
2026-01-08 12:05:40:800 [1b2889f2][ADB] No connected devices have been detected
2026-01-08 12:05:40:800 [1b2889f2][ADB] Could not find online devices
2026-01-08 12:05:40:800 [1b2889f2][ADB] Reconnecting adb (target offline)
2026-01-08 12:05:40:800 [1b2889f2][ADB] Running '/opt/homebrew/Caskroom/android-platform-tools/36.0.2/platform-tools/adb -P 5037 reconnect offline'
2026-01-08 12:05:41:018 [1b2889f2][ADB] Getting connected devices
2026-01-08 12:05:41:043 [1b2889f2][ADB] No connected devices have been detected
2026-01-08 12:05:41:043 [1b2889f2][ADB] Could not find online devices
2026-01-08 12:05:41:043 [1b2889f2][ADB] Reconnecting adb (target offline)
2026-01-08 12:05:41:043 [1b2889f2][ADB] Running '/opt/homebrew/Caskroom/android-platform-tools/36.0.2/platform-tools/adb -P 5037 reconnect offline'
2026-01-08 12:05:41:259 [1b2889f2][ADB] Getting connected devices
2026-01-08 12:05:41:285 [1b2889f2][ADB] No connected devices have been detected
2026-01-08 12:05:41:285 [1b2889f2][ADB] Could not find online devices
2026-01-08 12:05:41:285 [1b2889f2][ADB] Reconnecting adb (target offline)
2026-01-08 12:05:41:285 [1b2889f2][ADB] Running '/opt/homebrew/Caskroom/android-platform-tools/36.0.2/platform-tools/adb -P 5037 reconnect offline'
2026-01-08 12:05:41:501 [1b2889f2][ADB] Getting connected devices
2026-01-08 12:05:41:526 [1b2889f2][ADB] No connected devices have been detected
2026-01-08 12:05:41:526 [1b2889f2][ADB] Could not find online devices
2026-01-08 12:05:41:526 [1b2889f2][ADB] Reconnecting adb (target offline)
2026-01-08 12:05:41:526 [1b2889f2][ADB] Running '/opt/homebrew/Caskroom/android-platform-tools/36.0.2/platform-tools/adb -P 5037 reconnect offline'
2026-01-08 12:05:41:742 [1b2889f2][ADB] Getting connected devices
2026-01-08 12:05:41:766 [1b2889f2][ADB] No connected devices have been detected
2026-01-08 12:05:41:766 [1b2889f2][ADB] Could not find online devices
2026-01-08 12:05:41:766 [1b2889f2][ADB] Reconnecting adb (target offline)
2026-01-08 12:05:41:766 [1b2889f2][ADB] Running '/opt/homebrew/Caskroom/android-platform-tools/36.0.2/platform-tools/adb -P 5037 reconnect offline'
2026-01-08 12:05:41:982 [1b2889f2][ADB] Getting connected devices
2026-01-08 12:05:42:008 [1b2889f2][ADB] No connected devices have been detected
2026-01-08 12:05:42:008 [1b2889f2][ADB] Could not find online devices
2026-01-08 12:05:42:008 [1b2889f2][ADB] Reconnecting adb (target offline)
2026-01-08 12:05:42:008 [1b2889f2][ADB] Running '/opt/homebrew/Caskroom/android-platform-tools/36.0.2/platform-tools/adb -P 5037 reconnect offline'
2026-01-08 12:05:42:224 [1b2889f2][ADB] Getting connected devices
2026-01-08 12:05:42:248 [1b2889f2][ADB] No connected devices have been detected
2026-01-08 12:05:42:248 [1b2889f2][ADB] Could not find online devices
2026-01-08 12:05:42:248 [1b2889f2][ADB] Reconnecting adb (target offline)
2026-01-08 12:05:42:248 [1b2889f2][ADB] Running '/opt/homebrew/Caskroom/android-platform-tools/36.0.2/platform-tools/adb -P 5037 reconnect offline'
2026-01-08 12:05:42:465 [1b2889f2][ADB] Getting connected devices
2026-01-08 12:05:42:488 [1b2889f2][ADB] No connected devices have been detected
2026-01-08 12:05:42:488 [1b2889f2][ADB] Could not find online devices
2026-01-08 12:05:42:488 [1b2889f2][ADB] Reconnecting adb (target offline)
2026-01-08 12:05:42:488 [1b2889f2][ADB] Running '/opt/homebrew/Caskroom/android-platform-tools/36.0.2/platform-tools/adb -P 5037 reconnect offline'
2026-01-08 12:05:42:703 [1b2889f2][ADB] Getting connected devices
2026-01-08 12:05:42:727 [1b2889f2][ADB] No connected devices have been detected
2026-01-08 12:05:42:727 [1b2889f2][ADB] Could not find online devices
2026-01-08 12:05:42:727 [1b2889f2][ADB] Reconnecting adb (target offline)
2026-01-08 12:05:42:727 [1b2889f2][ADB] Running '/opt/homebrew/Caskroom/android-platform-tools/36.0.2/platform-tools/adb -P 5037 reconnect offline'
2026-01-08 12:05:42:943 [1b2889f2][ADB] Getting connected devices
2026-01-08 12:05:42:967 [1b2889f2][ADB] No connected devices have been detected
2026-01-08 12:05:42:967 [1b2889f2][ADB] Could not find online devices
2026-01-08 12:05:42:968 [1b2889f2][ADB] Reconnecting adb (target offline)
2026-01-08 12:05:42:968 [1b2889f2][ADB] Running '/opt/homebrew/Caskroom/android-platform-tools/36.0.2/platform-tools/adb -P 5037 reconnect offline'
2026-01-08 12:05:43:183 [1b2889f2][ADB] Getting connected devices
2026-01-08 12:05:43:206 [1b2889f2][ADB] No connected devices have been detected
2026-01-08 12:05:43:206 [1b2889f2][ADB] Could not find online devices
2026-01-08 12:05:43:206 [1b2889f2][ADB] Reconnecting adb (target offline)
2026-01-08 12:05:43:206 [1b2889f2][ADB] Running '/opt/homebrew/Caskroom/android-platform-tools/36.0.2/platform-tools/adb -P 5037 reconnect offline'
2026-01-08 12:05:43:421 [1b2889f2][ADB] Getting connected devices
2026-01-08 12:05:43:445 [1b2889f2][ADB] No connected devices have been detected
2026-01-08 12:05:43:445 [1b2889f2][ADB] Could not find online devices
2026-01-08 12:05:43:445 [1b2889f2][ADB] Reconnecting adb (target offline)
2026-01-08 12:05:43:445 [1b2889f2][ADB] Running '/opt/homebrew/Caskroom/android-platform-tools/36.0.2/platform-tools/adb -P 5037 reconnect offline'
2026-01-08 12:05:43:661 [1b2889f2][ADB] Getting connected devices
2026-01-08 12:05:43:686 [1b2889f2][ADB] No connected devices have been detected
2026-01-08 12:05:43:686 [1b2889f2][ADB] Could not find online devices
2026-01-08 12:05:43:686 [1b2889f2][ADB] Reconnecting adb (target offline)
2026-01-08 12:05:43:686 [1b2889f2][ADB] Running '/opt/homebrew/Caskroom/android-platform-tools/36.0.2/platform-tools/adb -P 5037 reconnect offline'
2026-01-08 12:05:43:901 [1b2889f2][ADB] Getting connected devices
2026-01-08 12:05:43:927 [1b2889f2][ADB] No connected devices have been detected
2026-01-08 12:05:43:928 [1b2889f2][ADB] Could not find online devices
2026-01-08 12:05:43:928 [1b2889f2][ADB] Reconnecting adb (target offline)
2026-01-08 12:05:43:928 [1b2889f2][ADB] Running '/opt/homebrew/Caskroom/android-platform-tools/36.0.2/platform-tools/adb -P 5037 reconnect offline'
2026-01-08 12:05:44:145 [1b2889f2][ADB] Getting connected devices
2026-01-08 12:05:44:169 [1b2889f2][ADB] No connected devices have been detected
2026-01-08 12:05:44:169 [1b2889f2][ADB] Could not find online devices
2026-01-08 12:05:44:169 [1b2889f2][ADB] Reconnecting adb (target offline)
2026-01-08 12:05:44:169 [1b2889f2][ADB] Running '/opt/homebrew/Caskroom/android-platform-tools/36.0.2/platform-tools/adb -P 5037 reconnect offline'
2026-01-08 12:05:44:386 [1b2889f2][ADB] Getting connected devices
2026-01-08 12:05:44:410 [1b2889f2][ADB] No connected devices have been detected
2026-01-08 12:05:44:410 [1b2889f2][ADB] Could not find online devices
2026-01-08 12:05:44:410 [1b2889f2][ADB] Reconnecting adb (target offline)
2026-01-08 12:05:44:410 [1b2889f2][ADB] Running '/opt/homebrew/Caskroom/android-platform-tools/36.0.2/platform-tools/adb -P 5037 reconnect offline'
2026-01-08 12:05:44:626 [1b2889f2][ADB] Getting connected devices
2026-01-08 12:05:44:649 [1b2889f2][ADB] No connected devices have been detected
2026-01-08 12:05:44:649 [1b2889f2][ADB] Could not find online devices
2026-01-08 12:05:44:649 [1b2889f2][ADB] Reconnecting adb (target offline)
2026-01-08 12:05:44:649 [1b2889f2][ADB] Running '/opt/homebrew/Caskroom/android-platform-tools/36.0.2/platform-tools/adb -P 5037 reconnect offline'
2026-01-08 12:05:44:865 [1b2889f2][ADB] Getting connected devices
2026-01-08 12:05:44:879 [1b2889f2][ADB] No connected devices have been detected
2026-01-08 12:05:44:879 [1b2889f2][ADB] Could not find online devices
2026-01-08 12:05:44:880 [1b2889f2][ADB] Reconnecting adb (target offline)
2026-01-08 12:05:44:880 [1b2889f2][ADB] Running '/opt/homebrew/Caskroom/android-platform-tools/36.0.2/platform-tools/adb -P 5037 reconnect offline'
2026-01-08 12:05:45:093 [1b2889f2][ADB] Getting connected devices
2026-01-08 12:05:45:119 [1b2889f2][ADB] No connected devices have been detected
2026-01-08 12:05:45:119 [1b2889f2][ADB] Could not find online devices
2026-01-08 12:05:45:119 [1b2889f2][ADB] Reconnecting adb (target offline)
2026-01-08 12:05:45:119 [1b2889f2][ADB] Running '/opt/homebrew/Caskroom/android-platform-tools/36.0.2/platform-tools/adb -P 5037 reconnect offline'
2026-01-08 12:05:45:336 [1b2889f2][ADB] Getting connected devices
2026-01-08 12:05:45:360 [1b2889f2][ADB] No connected devices have been detected
2026-01-08 12:05:45:360 [1b2889f2][ADB] Could not find online devices
2026-01-08 12:05:45:360 [1b2889f2][ADB] Reconnecting adb (target offline)
2026-01-08 12:05:45:360 [1b2889f2][ADB] Running '/opt/homebrew/Caskroom/android-platform-tools/36.0.2/platform-tools/adb -P 5037 reconnect offline'
2026-01-08 12:05:45:576 [1b2889f2][ADB] Getting connected devices
2026-01-08 12:05:45:601 [1b2889f2][ADB] No connected devices have been detected
2026-01-08 12:05:45:601 [1b2889f2][ADB] Could not find online devices
2026-01-08 12:05:45:601 [1b2889f2][ADB] Reconnecting adb (target offline)
2026-01-08 12:05:45:601 [1b2889f2][ADB] Running '/opt/homebrew/Caskroom/android-platform-tools/36.0.2/platform-tools/adb -P 5037 reconnect offline'
2026-01-08 12:05:45:817 [1b2889f2][ADB] Getting connected devices
2026-01-08 12:05:45:842 [1b2889f2][ADB] No connected devices have been detected
2026-01-08 12:05:45:843 [1b2889f2][ADB] Could not find online devices
2026-01-08 12:05:45:843 [1b2889f2][ADB] Reconnecting adb (target offline)
2026-01-08 12:05:45:843 [1b2889f2][ADB] Running '/opt/homebrew/Caskroom/android-platform-tools/36.0.2/platform-tools/adb -P 5037 reconnect offline'
2026-01-08 12:05:46:058 [1b2889f2][ADB] Getting connected devices
2026-01-08 12:05:46:080 [1b2889f2][ADB] No connected devices have been detected
2026-01-08 12:05:46:080 [1b2889f2][ADB] Could not find online devices
2026-01-08 12:05:46:080 [1b2889f2][ADB] Reconnecting adb (target offline)
2026-01-08 12:05:46:080 [1b2889f2][ADB] Running '/opt/homebrew/Caskroom/android-platform-tools/36.0.2/platform-tools/adb -P 5037 reconnect offline'
2026-01-08 12:05:46:295 [1b2889f2][ADB] Getting connected devices
2026-01-08 12:05:46:317 [1b2889f2][ADB] No connected devices have been detected
2026-01-08 12:05:46:317 [1b2889f2][ADB] Could not find online devices
2026-01-08 12:05:46:317 [1b2889f2][ADB] Reconnecting adb (target offline)
2026-01-08 12:05:46:317 [1b2889f2][ADB] Running '/opt/homebrew/Caskroom/android-platform-tools/36.0.2/platform-tools/adb -P 5037 reconnect offline'
2026-01-08 12:05:46:533 [1b2889f2][ADB] Getting connected devices
2026-01-08 12:05:46:556 [1b2889f2][ADB] No connected devices have been detected
2026-01-08 12:05:46:556 [1b2889f2][ADB] Could not find online devices
2026-01-08 12:05:46:556 [1b2889f2][ADB] Reconnecting adb (target offline)
2026-01-08 12:05:46:556 [1b2889f2][ADB] Running '/opt/homebrew/Caskroom/android-platform-tools/36.0.2/platform-tools/adb -P 5037 reconnect offline'
2026-01-08 12:05:46:773 [1b2889f2][ADB] Getting connected devices
2026-01-08 12:05:46:791 [1b2889f2][ADB] No connected devices have been detected
2026-01-08 12:05:46:791 [1b2889f2][ADB] Could not find online devices
2026-01-08 12:05:46:791 [1b2889f2][ADB] Reconnecting adb (target offline)
2026-01-08 12:05:46:791 [1b2889f2][ADB] Running '/opt/homebrew/Caskroom/android-platform-tools/36.0.2/platform-tools/adb -P 5037 reconnect offline'
2026-01-08 12:05:47:005 [1b2889f2][ADB] Getting connected devices
2026-01-08 12:05:47:017 [1b2889f2][ADB] No connected devices have been detected
2026-01-08 12:05:47:017 [1b2889f2][ADB] Could not find online devices
2026-01-08 12:05:47:017 [1b2889f2][ADB] Reconnecting adb (target offline)
2026-01-08 12:05:47:017 [1b2889f2][ADB] Running '/opt/homebrew/Caskroom/android-platform-tools/36.0.2/platform-tools/adb -P 5037 reconnect offline'
2026-01-08 12:05:47:228 [1b2889f2][ADB] Getting connected devices
2026-01-08 12:05:47:248 [1b2889f2][ADB] No connected devices have been detected
2026-01-08 12:05:47:248 [1b2889f2][ADB] Could not find online devices
2026-01-08 12:05:47:249 [1b2889f2][ADB] Reconnecting adb (target offline)
2026-01-08 12:05:47:249 [1b2889f2][ADB] Running '/opt/homebrew/Caskroom/android-platform-tools/36.0.2/platform-tools/adb -P 5037 reconnect offline'
2026-01-08 12:05:47:464 [1b2889f2][ADB] Getting connected devices
2026-01-08 12:05:47:491 [1b2889f2][ADB] No connected devices have been detected
2026-01-08 12:05:47:491 [1b2889f2][ADB] Could not find online devices
2026-01-08 12:05:47:491 [1b2889f2][ADB] Reconnecting adb (target offline)
2026-01-08 12:05:47:491 [1b2889f2][ADB] Running '/opt/homebrew/Caskroom/android-platform-tools/36.0.2/platform-tools/adb -P 5037 reconnect offline'
2026-01-08 12:05:47:706 [1b2889f2][ADB] Getting connected devices
2026-01-08 12:05:47:727 [1b2889f2][ADB] No connected devices have been detected
2026-01-08 12:05:47:728 [1b2889f2][ADB] Could not find online devices
2026-01-08 12:05:47:728 [1b2889f2][ADB] Reconnecting adb (target offline)
2026-01-08 12:05:47:728 [1b2889f2][ADB] Running '/opt/homebrew/Caskroom/android-platform-tools/36.0.2/platform-tools/adb -P 5037 reconnect offline'
2026-01-08 12:05:47:943 [1b2889f2][ADB] Getting connected devices
2026-01-08 12:05:47:966 [1b2889f2][ADB] No connected devices have been detected
2026-01-08 12:05:47:967 [1b2889f2][ADB] Could not find online devices
2026-01-08 12:05:47:967 [1b2889f2][ADB] Reconnecting adb (target offline)
2026-01-08 12:05:47:967 [1b2889f2][ADB] Running '/opt/homebrew/Caskroom/android-platform-tools/36.0.2/platform-tools/adb -P 5037 reconnect offline'
2026-01-08 12:05:48:182 [1b2889f2][ADB] Getting connected devices
2026-01-08 12:05:48:207 [1b2889f2][ADB] No connected devices have been detected
2026-01-08 12:05:48:208 [1b2889f2][ADB] Could not find online devices
2026-01-08 12:05:48:208 [1b2889f2][ADB] Reconnecting adb (target offline)
2026-01-08 12:05:48:208 [1b2889f2][ADB] Running '/opt/homebrew/Caskroom/android-platform-tools/36.0.2/platform-tools/adb -P 5037 reconnect offline'
2026-01-08 12:05:48:424 [1b2889f2][ADB] Getting connected devices
2026-01-08 12:05:48:444 [1b2889f2][ADB] No connected devices have been detected
2026-01-08 12:05:48:444 [1b2889f2][ADB] Could not find online devices
2026-01-08 12:05:48:444 [1b2889f2][ADB] Reconnecting adb (target offline)
2026-01-08 12:05:48:444 [1b2889f2][ADB] Running '/opt/homebrew/Caskroom/android-platform-tools/36.0.2/platform-tools/adb -P 5037 reconnect offline'
2026-01-08 12:05:48:659 [1b2889f2][ADB] Getting connected devices
2026-01-08 12:05:48:682 [1b2889f2][ADB] No connected devices have been detected
2026-01-08 12:05:48:682 [1b2889f2][ADB] Could not find online devices
2026-01-08 12:05:48:682 [1b2889f2][ADB] Reconnecting adb (target offline)
2026-01-08 12:05:48:682 [1b2889f2][ADB] Running '/opt/homebrew/Caskroom/android-platform-tools/36.0.2/platform-tools/adb -P 5037 reconnect offline'
2026-01-08 12:05:48:898 [1b2889f2][ADB] Getting connected devices
2026-01-08 12:05:48:923 [1b2889f2][ADB] No connected devices have been detected
2026-01-08 12:05:48:923 [1b2889f2][ADB] Could not find online devices
2026-01-08 12:05:48:923 [1b2889f2][ADB] Reconnecting adb (target offline)
2026-01-08 12:05:48:923 [1b2889f2][ADB] Running '/opt/homebrew/Caskroom/android-platform-tools/36.0.2/platform-tools/adb -P 5037 reconnect offline'
2026-01-08 12:05:49:141 [1b2889f2][ADB] Getting connected devices
2026-01-08 12:05:49:166 [1b2889f2][ADB] No connected devices have been detected
2026-01-08 12:05:49:167 [1b2889f2][ADB] Could not find online devices
2026-01-08 12:05:49:167 [1b2889f2][ADB] Reconnecting adb (target offline)
2026-01-08 12:05:49:167 [1b2889f2][ADB] Running '/opt/homebrew/Caskroom/android-platform-tools/36.0.2/platform-tools/adb -P 5037 reconnect offline'
2026-01-08 12:05:49:383 [1b2889f2][ADB] Getting connected devices
2026-01-08 12:05:49:407 [1b2889f2][ADB] No connected devices have been detected
2026-01-08 12:05:49:407 [1b2889f2][ADB] Could not find online devices
2026-01-08 12:05:49:407 [1b2889f2][ADB] Reconnecting adb (target offline)
2026-01-08 12:05:49:407 [1b2889f2][ADB] Running '/opt/homebrew/Caskroom/android-platform-tools/36.0.2/platform-tools/adb -P 5037 reconnect offline'
2026-01-08 12:05:49:624 [1b2889f2][ADB] Getting connected devices
2026-01-08 12:05:49:647 [1b2889f2][ADB] No connected devices have been detected
2026-01-08 12:05:49:647 [1b2889f2][ADB] Could not find online devices
2026-01-08 12:05:49:647 [1b2889f2][ADB] Reconnecting adb (target offline)
2026-01-08 12:05:49:647 [1b2889f2][ADB] Running '/opt/homebrew/Caskroom/android-platform-tools/36.0.2/platform-tools/adb -P 5037 reconnect offline'
2026-01-08 12:05:49:862 [1b2889f2][ADB] Getting connected devices
2026-01-08 12:05:49:876 [1b2889f2][ADB] No connected devices have been detected
2026-01-08 12:05:49:876 [1b2889f2][ADB] Could not find online devices
2026-01-08 12:05:49:876 [1b2889f2][ADB] Reconnecting adb (target offline)
2026-01-08 12:05:49:876 [1b2889f2][ADB] Running '/opt/homebrew/Caskroom/android-platform-tools/36.0.2/platform-tools/adb -P 5037 reconnect offline'
2026-01-08 12:05:50:089 [1b2889f2][ADB] Getting connected devices
2026-01-08 12:05:50:114 [1b2889f2][ADB] No connected devices have been detected
2026-01-08 12:05:50:114 [1b2889f2][ADB] Could not find online devices
2026-01-08 12:05:50:114 [1b2889f2][ADB] Reconnecting adb (target offline)
2026-01-08 12:05:50:114 [1b2889f2][ADB] Running '/opt/homebrew/Caskroom/android-platform-tools/36.0.2/platform-tools/adb -P 5037 reconnect offline'
2026-01-08 12:05:50:331 [1b2889f2][ADB] Getting connected devices
2026-01-08 12:05:50:357 [1b2889f2][ADB] No connected devices have been detected
2026-01-08 12:05:50:357 [1b2889f2][ADB] Could not find online devices
2026-01-08 12:05:50:357 [1b2889f2][ADB] Reconnecting adb (target offline)
2026-01-08 12:05:50:358 [1b2889f2][ADB] Running '/opt/homebrew/Caskroom/android-platform-tools/36.0.2/platform-tools/adb -P 5037 reconnect offline'
2026-01-08 12:05:50:573 [1b2889f2][ADB] Getting connected devices
2026-01-08 12:05:50:598 [1b2889f2][ADB] No connected devices have been detected
2026-01-08 12:05:50:598 [1b2889f2][ADB] Could not find online devices
2026-01-08 12:05:50:598 [1b2889f2][ADB] Reconnecting adb (target offline)
2026-01-08 12:05:50:598 [1b2889f2][ADB] Running '/opt/homebrew/Caskroom/android-platform-tools/36.0.2/platform-tools/adb -P 5037 reconnect offline'
2026-01-08 12:05:50:813 [1b2889f2][ADB] Getting connected devices
2026-01-08 12:05:50:837 [1b2889f2][ADB] No connected devices have been detected
2026-01-08 12:05:50:837 [1b2889f2][ADB] Could not find online devices
2026-01-08 12:05:50:837 [1b2889f2][ADB] Reconnecting adb (target offline)
2026-01-08 12:05:50:837 [1b2889f2][ADB] Running '/opt/homebrew/Caskroom/android-platform-tools/36.0.2/platform-tools/adb -P 5037 reconnect offline'
2026-01-08 12:05:50:991 [1b2889f2][ADB] Getting connected devices
2026-01-08 12:05:51:013 [1b2889f2][ADB] No connected devices have been detected
2026-01-08 12:05:51:013 [1b2889f2][ADB] Could not find online devices
2026-01-08 12:05:51:013 [1b2889f2][ADB] Reconnecting adb (target offline)
2026-01-08 12:05:51:013 [1b2889f2][ADB] Running '/opt/homebrew/Caskroom/android-platform-tools/36.0.2/platform-tools/adb -P 5037 reconnect offline'
2026-01-08 12:05:51:028 [1b2889f2][38;5;-117m[AndroidUiautomator2Driver@4747] Deleting UiAutomator2 session
2026-01-08 12:05:51:028 [1b2889f2][38;5;-117m[AndroidUiautomator2Driver@4747] Unable to stop ChromeDriver proxies: Cannot read properties of undefined (reading 'proxyReqRes')
2026-01-08 12:05:51:029 [1b2889f2][AppiumDriver@eb75] Event 'newSessionStarted' logged at 1767873951029 (14:05:51 GMT+0200 (Israel Standard Time))
2026-01-08 12:05:51:029 [1b2889f2][AppiumDriver@eb75] Encountered internal error running command: Error: Could not find a connected Android device in 20000ms
    at ADB.getDevicesWithRetry (/Users/eladyerushalmi/.appium/node_modules/appium-uiautomator2-driver/node_modules/appium-adb/lib/tools/system-calls.js:332:13)
    at Object.getDeviceInfoFromCaps (/Users/eladyerushalmi/.appium/node_modules/appium-uiautomator2-driver/node_modules/appium-android-driver/lib/helpers/android.ts:378:23)
    at AndroidUiautomator2Driver.startUiAutomator2Session (/Users/eladyerushalmi/.appium/node_modules/appium-uiautomator2-driver/lib/driver.ts:425:28)
    at AndroidUiautomator2Driver.createSession (/Users/eladyerushalmi/.appium/node_modules/appium-uiautomator2-driver/lib/driver.ts:299:22)
    at AppiumDriver.createSession (/Users/eladyerushalmi/.nvm/versions/node/v22.4.0/lib/node_modules/appium/lib/appium.js:379:35)
2026-01-08 12:05:51:030 [1b2889f2][HTTP] <-- POST /session 500 20082 ms - 680 
2026-01-08 12:05:51:061 [HTTP] Request idempotency key: 3d1b3001-4488-459c-9dce-eb469474aea0
2026-01-08 12:05:51:061 [HTTP] --> POST /session {"capabilities":{"firstMatch":[{"appium:noReset":false,"appium:appActivity":"com.saucelabs.mydemoapp.android.view.activities.SplashActivity","appium:deviceName":"emulator-5554","platformName":"ANDROID","appium:automationName":"UiAutomator2","appium:fullReset":false,"appium:app":"/Users/eladyerushalmi/Documents/sauce-sample-app-mobile-automation/src/test/resources/apps/mda.apk","appium:appPackage":"com.saucelabs.mydemoapp.android"}]}}
2026-01-08 12:05:51:061 [AppiumDriver@eb75] Calling AppiumDriver.createSession() with args: [null,null,{"firstMatch":[{"appium:noReset":false,"appium:appActivity":"com.saucelabs.mydemoapp.android.view.activities.SplashActivity","appium:deviceName":"emulator-5554","platformName":"ANDROID","appium:automationName":"UiAutomator2","appium:fullReset":false,"appium:app":"/Users/eladyerushalmi/Documents/sauce-sample-app-mobile-automation/src/test/resources/apps/mda.apk","appium:appPackage":"com.saucelabs.mydemoapp.android"}]}]
2026-01-08 12:05:51:061 [AppiumDriver@eb75] Event 'newSessionRequested' logged at 1767873951061 (14:05:51 GMT+0200 (Israel Standard Time))
2026-01-08 12:05:51:062 [Appium] Attempting to find matching driver for automationName 'UiAutomator2' and platformName 'ANDROID'
2026-01-08 12:05:51:062 [Appium] The 'uiautomator2' driver was installed and matched caps.
2026-01-08 12:05:51:062 [Appium] Will require it at /Users/eladyerushalmi/.appium/node_modules/appium-uiautomator2-driver
2026-01-08 12:05:51:062 [Appium] Requiring driver at /Users/eladyerushalmi/.appium/node_modules/appium-uiautomator2-driver/build/index.js
2026-01-08 12:05:51:062 [AppiumDriver@eb75] Appium v2.19.0 creating new AndroidUiautomator2Driver (v2.42.1) session
2026-01-08 12:05:51:063 [AppiumDriver@eb75] Checking BaseDriver versions for Appium and AndroidUiautomator2Driver
2026-01-08 12:05:51:063 [AppiumDriver@eb75] Appium's BaseDriver version is 9.18.0
2026-01-08 12:05:51:063 [AppiumDriver@eb75] AndroidUiautomator2Driver's BaseDriver version is 9.18.0
2026-01-08 12:05:51:063 [38;5;-104m[AndroidUiautomator2Driver@5372] 
2026-01-08 12:05:51:063 [38;5;-104m[AndroidUiautomator2Driver@5372] Creating session with W3C capabilities: {
  "alwaysMatch": {
    "platformName": "ANDROID",
    "appium:noReset": false,
    "appium:appActivity": "com.saucelabs.mydemoapp.android.view.activities.SplashActivity",
    "appium:deviceName": "emulator-5554",
    "appium:automationName": "UiAutomator2",
    "appium:fullReset": false,
    "appium:app": "/Users/eladyerushalmi/Documents/sauce-sample-app-mobile-automation/src/test/resources/apps/mda.apk",
    "appium:appPackage": "com.saucelabs.mydemoapp.android"
  },
  "firstMatch": [
    {}
  ]
}
2026-01-08 12:05:51:064 [d14207f3][38;5;-104m[AndroidUiautomator2Driver@5372] Session created with session id: d14207f3-7f5b-4c39-9d09-cd622e6a6c9e
2026-01-08 12:05:51:064 [d14207f3][BaseDriver] Using local app '/Users/eladyerushalmi/Documents/sauce-sample-app-mobile-automation/src/test/resources/apps/mda.apk'
2026-01-08 12:05:51:095 [d14207f3][38;5;-104m[AndroidUiautomator2Driver@5372] Checking whether app is actually present
2026-01-08 12:05:51:096 [d14207f3][ADB] Using 'adb' from '/opt/homebrew/Caskroom/android-platform-tools/36.0.2/platform-tools/adb'
2026-01-08 12:05:51:096 [d14207f3][ADB] Running '/opt/homebrew/Caskroom/android-platform-tools/36.0.2/platform-tools/adb -P 5037 start-server'
2026-01-08 12:05:51:106 [d14207f3][AndroidDriver] Retrieving device list
2026-01-08 12:05:51:107 [d14207f3][ADB] Trying to find connected Android devices
2026-01-08 12:05:51:107 [d14207f3][ADB] Getting connected devices
2026-01-08 12:05:51:116 [d14207f3][ADB] No connected devices have been detected
2026-01-08 12:05:51:116 [d14207f3][ADB] Could not find online devices
2026-01-08 12:05:51:116 [d14207f3][ADB] Reconnecting adb (target offline)
2026-01-08 12:05:51:116 [d14207f3][ADB] Running '/opt/homebrew/Caskroom/android-platform-tools/36.0.2/platform-tools/adb -P 5037 reconnect offline'
2026-01-08 12:05:51:326 [d14207f3][ADB] Getting connected devices
2026-01-08 12:05:51:348 [d14207f3][ADB] No connected devices have been detected
2026-01-08 12:05:51:348 [d14207f3][ADB] Could not find online devices
2026-01-08 12:05:51:348 [d14207f3][ADB] Reconnecting adb (target offline)
2026-01-08 12:05:51:348 [d14207f3][ADB] Running '/opt/homebrew/Caskroom/android-platform-tools/36.0.2/platform-tools/adb -P 5037 reconnect offline'
2026-01-08 12:05:51:562 [d14207f3][ADB] Getting connected devices
2026-01-08 12:05:51:587 [d14207f3][ADB] No connected devices have been detected
2026-01-08 12:05:51:587 [d14207f3][ADB] Could not find online devices
2026-01-08 12:05:51:588 [d14207f3][ADB] Reconnecting adb (target offline)
2026-01-08 12:05:51:588 [d14207f3][ADB] Running '/opt/homebrew/Caskroom/android-platform-tools/36.0.2/platform-tools/adb -P 5037 reconnect offline'
2026-01-08 12:05:51:804 [d14207f3][ADB] Getting connected devices
2026-01-08 12:05:51:815 [d14207f3][ADB] No connected devices have been detected
2026-01-08 12:05:51:815 [d14207f3][ADB] Could not find online devices
2026-01-08 12:05:51:815 [d14207f3][ADB] Reconnecting adb (target offline)
2026-01-08 12:05:51:815 [d14207f3][ADB] Running '/opt/homebrew/Caskroom/android-platform-tools/36.0.2/platform-tools/adb -P 5037 reconnect offline'
2026-01-08 12:05:52:027 [d14207f3][ADB] Getting connected devices
2026-01-08 12:05:52:051 [d14207f3][ADB] No connected devices have been detected
2026-01-08 12:05:52:051 [d14207f3][ADB] Could not find online devices
2026-01-08 12:05:52:051 [d14207f3][ADB] Reconnecting adb (target offline)
2026-01-08 12:05:52:051 [d14207f3][ADB] Running '/opt/homebrew/Caskroom/android-platform-tools/36.0.2/platform-tools/adb -P 5037 reconnect offline'
2026-01-08 12:05:52:266 [d14207f3][ADB] Getting connected devices
2026-01-08 12:05:52:279 [d14207f3][ADB] No connected devices have been detected
2026-01-08 12:05:52:279 [d14207f3][ADB] Could not find online devices
2026-01-08 12:05:52:279 [d14207f3][ADB] Reconnecting adb (target offline)
2026-01-08 12:05:52:279 [d14207f3][ADB] Running '/opt/homebrew/Caskroom/android-platform-tools/36.0.2/platform-tools/adb -P 5037 reconnect offline'
2026-01-08 12:05:52:492 [d14207f3][ADB] Getting connected devices
2026-01-08 12:05:52:510 [d14207f3][ADB] No connected devices have been detected
2026-01-08 12:05:52:510 [d14207f3][ADB] Could not find online devices
2026-01-08 12:05:52:510 [d14207f3][ADB] Reconnecting adb (target offline)
2026-01-08 12:05:52:510 [d14207f3][ADB] Running '/opt/homebrew/Caskroom/android-platform-tools/36.0.2/platform-tools/adb -P 5037 reconnect offline'
2026-01-08 12:05:52:725 [d14207f3][ADB] Getting connected devices
2026-01-08 12:05:52:749 [d14207f3][ADB] No connected devices have been detected
2026-01-08 12:05:52:749 [d14207f3][ADB] Could not find online devices
2026-01-08 12:05:52:749 [d14207f3][ADB] Reconnecting adb (target offline)
2026-01-08 12:05:52:749 [d14207f3][ADB] Running '/opt/homebrew/Caskroom/android-platform-tools/36.0.2/platform-tools/adb -P 5037 reconnect offline'
2026-01-08 12:05:52:964 [d14207f3][ADB] Getting connected devices
2026-01-08 12:05:52:989 [d14207f3][ADB] No connected devices have been detected
2026-01-08 12:05:52:990 [d14207f3][ADB] Could not find online devices
2026-01-08 12:05:52:990 [d14207f3][ADB] Reconnecting adb (target offline)
2026-01-08 12:05:52:990 [d14207f3][ADB] Running '/opt/homebrew/Caskroom/android-platform-tools/36.0.2/platform-tools/adb -P 5037 reconnect offline'
2026-01-08 12:05:53:207 [d14207f3][ADB] Getting connected devices
2026-01-08 12:05:53:233 [d14207f3][ADB] No connected devices have been detected
2026-01-08 12:05:53:233 [d14207f3][ADB] Could not find online devices
2026-01-08 12:05:53:233 [d14207f3][ADB] Reconnecting adb (target offline)
2026-01-08 12:05:53:233 [d14207f3][ADB] Running '/opt/homebrew/Caskroom/android-platform-tools/36.0.2/platform-tools/adb -P 5037 reconnect offline'
2026-01-08 12:05:53:450 [d14207f3][ADB] Getting connected devices
2026-01-08 12:05:53:477 [d14207f3][ADB] No connected devices have been detected
2026-01-08 12:05:53:477 [d14207f3][ADB] Could not find online devices
2026-01-08 12:05:53:477 [d14207f3][ADB] Reconnecting adb (target offline)
2026-01-08 12:05:53:477 [d14207f3][ADB] Running '/opt/homebrew/Caskroom/android-platform-tools/36.0.2/platform-tools/adb -P 5037 reconnect offline'
2026-01-08 12:05:53:693 [d14207f3][ADB] Getting connected devices
2026-01-08 12:05:53:715 [d14207f3][ADB] No connected devices have been detected
2026-01-08 12:05:53:715 [d14207f3][ADB] Could not find online devices
2026-01-08 12:05:53:715 [d14207f3][ADB] Reconnecting adb (target offline)
2026-01-08 12:05:53:715 [d14207f3][ADB] Running '/opt/homebrew/Caskroom/android-platform-tools/36.0.2/platform-tools/adb -P 5037 reconnect offline'
2026-01-08 12:05:53:930 [d14207f3][ADB] Getting connected devices
2026-01-08 12:05:53:955 [d14207f3][ADB] No connected devices have been detected
2026-01-08 12:05:53:955 [d14207f3][ADB] Could not find online devices
2026-01-08 12:05:53:955 [d14207f3][ADB] Reconnecting adb (target offline)
2026-01-08 12:05:53:955 [d14207f3][ADB] Running '/opt/homebrew/Caskroom/android-platform-tools/36.0.2/platform-tools/adb -P 5037 reconnect offline'
2026-01-08 12:05:54:171 [d14207f3][ADB] Getting connected devices
2026-01-08 12:05:54:194 [d14207f3][ADB] No connected devices have been detected
2026-01-08 12:05:54:194 [d14207f3][ADB] Could not find online devices
2026-01-08 12:05:54:194 [d14207f3][ADB] Reconnecting adb (target offline)
2026-01-08 12:05:54:194 [d14207f3][ADB] Running '/opt/homebrew/Caskroom/android-platform-tools/36.0.2/platform-tools/adb -P 5037 reconnect offline'
2026-01-08 12:05:54:409 [d14207f3][ADB] Getting connected devices
2026-01-08 12:05:54:432 [d14207f3][ADB] No connected devices have been detected
2026-01-08 12:05:54:432 [d14207f3][ADB] Could not find online devices
2026-01-08 12:05:54:432 [d14207f3][ADB] Reconnecting adb (target offline)
2026-01-08 12:05:54:432 [d14207f3][ADB] Running '/opt/homebrew/Caskroom/android-platform-tools/36.0.2/platform-tools/adb -P 5037 reconnect offline'
2026-01-08 12:05:54:648 [d14207f3][ADB] Getting connected devices
2026-01-08 12:05:54:674 [d14207f3][ADB] No connected devices have been detected
2026-01-08 12:05:54:674 [d14207f3][ADB] Could not find online devices
2026-01-08 12:05:54:674 [d14207f3][ADB] Reconnecting adb (target offline)
2026-01-08 12:05:54:674 [d14207f3][ADB] Running '/opt/homebrew/Caskroom/android-platform-tools/36.0.2/platform-tools/adb -P 5037 reconnect offline'
2026-01-08 12:05:54:891 [d14207f3][ADB] Getting connected devices
2026-01-08 12:05:54:905 [d14207f3][ADB] No connected devices have been detected
2026-01-08 12:05:54:905 [d14207f3][ADB] Could not find online devices
2026-01-08 12:05:54:905 [d14207f3][ADB] Reconnecting adb (target offline)
2026-01-08 12:05:54:905 [d14207f3][ADB] Running '/opt/homebrew/Caskroom/android-platform-tools/36.0.2/platform-tools/adb -P 5037 reconnect offline'
2026-01-08 12:05:55:118 [d14207f3][ADB] Getting connected devices
2026-01-08 12:05:55:149 [d14207f3][ADB] No connected devices have been detected
2026-01-08 12:05:55:149 [d14207f3][ADB] Could not find online devices
2026-01-08 12:05:55:149 [d14207f3][ADB] Reconnecting adb (target offline)
2026-01-08 12:05:55:149 [d14207f3][ADB] Running '/opt/homebrew/Caskroom/android-platform-tools/36.0.2/platform-tools/adb -P 5037 reconnect offline'
2026-01-08 12:05:55:368 [d14207f3][ADB] Getting connected devices
2026-01-08 12:05:55:396 [d14207f3][ADB] No connected devices have been detected
2026-01-08 12:05:55:396 [d14207f3][ADB] Could not find online devices
2026-01-08 12:05:55:396 [d14207f3][ADB] Reconnecting adb (target offline)
2026-01-08 12:05:55:396 [d14207f3][ADB] Running '/opt/homebrew/Caskroom/android-platform-tools/36.0.2/platform-tools/adb -P 5037 reconnect offline'
2026-01-08 12:05:55:614 [d14207f3][ADB] Getting connected devices
2026-01-08 12:05:55:635 [d14207f3][ADB] No connected devices have been detected
2026-01-08 12:05:55:635 [d14207f3][ADB] Could not find online devices
2026-01-08 12:05:55:635 [d14207f3][ADB] Reconnecting adb (target offline)
2026-01-08 12:05:55:635 [d14207f3][ADB] Running '/opt/homebrew/Caskroom/android-platform-tools/36.0.2/platform-tools/adb -P 5037 reconnect offline'
2026-01-08 12:05:55:849 [d14207f3][ADB] Getting connected devices
2026-01-08 12:05:55:873 [d14207f3][ADB] No connected devices have been detected
2026-01-08 12:05:55:873 [d14207f3][ADB] Could not find online devices
2026-01-08 12:05:55:873 [d14207f3][ADB] Reconnecting adb (target offline)
2026-01-08 12:05:55:873 [d14207f3][ADB] Running '/opt/homebrew/Caskroom/android-platform-tools/36.0.2/platform-tools/adb -P 5037 reconnect offline'
2026-01-08 12:05:56:088 [d14207f3][ADB] Getting connected devices
2026-01-08 12:05:56:111 [d14207f3][ADB] No connected devices have been detected
2026-01-08 12:05:56:111 [d14207f3][ADB] Could not find online devices
2026-01-08 12:05:56:111 [d14207f3][ADB] Reconnecting adb (target offline)
2026-01-08 12:05:56:111 [d14207f3][ADB] Running '/opt/homebrew/Caskroom/android-platform-tools/36.0.2/platform-tools/adb -P 5037 reconnect offline'
2026-01-08 12:05:56:327 [d14207f3][ADB] Getting connected devices
2026-01-08 12:05:56:353 [d14207f3][ADB] No connected devices have been detected
2026-01-08 12:05:56:353 [d14207f3][ADB] Could not find online devices
2026-01-08 12:05:56:353 [d14207f3][ADB] Reconnecting adb (target offline)
2026-01-08 12:05:56:353 [d14207f3][ADB] Running '/opt/homebrew/Caskroom/android-platform-tools/36.0.2/platform-tools/adb -P 5037 reconnect offline'
2026-01-08 12:05:56:569 [d14207f3][ADB] Getting connected devices
2026-01-08 12:05:56:590 [d14207f3][ADB] No connected devices have been detected
2026-01-08 12:05:56:590 [d14207f3][ADB] Could not find online devices
2026-01-08 12:05:56:590 [d14207f3][ADB] Reconnecting adb (target offline)
2026-01-08 12:05:56:591 [d14207f3][ADB] Running '/opt/homebrew/Caskroom/android-platform-tools/36.0.2/platform-tools/adb -P 5037 reconnect offline'
2026-01-08 12:05:56:806 [d14207f3][ADB] Getting connected devices
2026-01-08 12:05:56:819 [d14207f3][ADB] No connected devices have been detected
2026-01-08 12:05:56:819 [d14207f3][ADB] Could not find online devices
2026-01-08 12:05:56:819 [d14207f3][ADB] Reconnecting adb (target offline)
2026-01-08 12:05:56:819 [d14207f3][ADB] Running '/opt/homebrew/Caskroom/android-platform-tools/36.0.2/platform-tools/adb -P 5037 reconnect offline'
2026-01-08 12:05:57:032 [d14207f3][ADB] Getting connected devices
2026-01-08 12:05:57:053 [d14207f3][ADB] No connected devices have been detected
2026-01-08 12:05:57:053 [d14207f3][ADB] Could not find online devices
2026-01-08 12:05:57:053 [d14207f3][ADB] Reconnecting adb (target offline)
2026-01-08 12:05:57:053 [d14207f3][ADB] Running '/opt/homebrew/Caskroom/android-platform-tools/36.0.2/platform-tools/adb -P 5037 reconnect offline'
2026-01-08 12:05:57:268 [d14207f3][ADB] Getting connected devices
2026-01-08 12:05:57:293 [d14207f3][ADB] No connected devices have been detected
2026-01-08 12:05:57:293 [d14207f3][ADB] Could not find online devices
2026-01-08 12:05:57:293 [d14207f3][ADB] Reconnecting adb (target offline)
2026-01-08 12:05:57:293 [d14207f3][ADB] Running '/opt/homebrew/Caskroom/android-platform-tools/36.0.2/platform-tools/adb -P 5037 reconnect offline'
2026-01-08 12:05:57:509 [d14207f3][ADB] Getting connected devices
2026-01-08 12:05:57:530 [d14207f3][ADB] No connected devices have been detected
2026-01-08 12:05:57:530 [d14207f3][ADB] Could not find online devices
2026-01-08 12:05:57:530 [d14207f3][ADB] Reconnecting adb (target offline)
2026-01-08 12:05:57:530 [d14207f3][ADB] Running '/opt/homebrew/Caskroom/android-platform-tools/36.0.2/platform-tools/adb -P 5037 reconnect offline'
2026-01-08 12:05:57:745 [d14207f3][ADB] Getting connected devices
2026-01-08 12:05:57:773 [d14207f3][ADB] No connected devices have been detected
2026-01-08 12:05:57:773 [d14207f3][ADB] Could not find online devices
2026-01-08 12:05:57:773 [d14207f3][ADB] Reconnecting adb (target offline)
2026-01-08 12:05:57:773 [d14207f3][ADB] Running '/opt/homebrew/Caskroom/android-platform-tools/36.0.2/platform-tools/adb -P 5037 reconnect offline'
2026-01-08 12:05:57:991 [d14207f3][ADB] Getting connected devices
2026-01-08 12:05:58:018 [d14207f3][ADB] No connected devices have been detected
2026-01-08 12:05:58:018 [d14207f3][ADB] Could not find online devices
2026-01-08 12:05:58:018 [d14207f3][ADB] Reconnecting adb (target offline)
2026-01-08 12:05:58:018 [d14207f3][ADB] Running '/opt/homebrew/Caskroom/android-platform-tools/36.0.2/platform-tools/adb -P 5037 reconnect offline'
2026-01-08 12:05:58:235 [d14207f3][ADB] Getting connected devices
2026-01-08 12:05:58:261 [d14207f3][ADB] No connected devices have been detected
2026-01-08 12:05:58:261 [d14207f3][ADB] Could not find online devices
2026-01-08 12:05:58:261 [d14207f3][ADB] Reconnecting adb (target offline)
2026-01-08 12:05:58:262 [d14207f3][ADB] Running '/opt/homebrew/Caskroom/android-platform-tools/36.0.2/platform-tools/adb -P 5037 reconnect offline'
2026-01-08 12:05:58:482 [d14207f3][ADB] Getting connected devices
2026-01-08 12:05:58:506 [d14207f3][ADB] No connected devices have been detected
2026-01-08 12:05:58:506 [d14207f3][ADB] Could not find online devices
2026-01-08 12:05:58:507 [d14207f3][ADB] Reconnecting adb (target offline)
2026-01-08 12:05:58:507 [d14207f3][ADB] Running '/opt/homebrew/Caskroom/android-platform-tools/36.0.2/platform-tools/adb -P 5037 reconnect offline'
2026-01-08 12:05:58:723 [d14207f3][ADB] Getting connected devices
2026-01-08 12:05:58:748 [d14207f3][ADB] No connected devices have been detected
2026-01-08 12:05:58:748 [d14207f3][ADB] Could not find online devices
2026-01-08 12:05:58:748 [d14207f3][ADB] Reconnecting adb (target offline)
2026-01-08 12:05:58:748 [d14207f3][ADB] Running '/opt/homebrew/Caskroom/android-platform-tools/36.0.2/platform-tools/adb -P 5037 reconnect offline'
2026-01-08 12:05:58:964 [d14207f3][ADB] Getting connected devices
2026-01-08 12:05:58:982 [d14207f3][ADB] No connected devices have been detected
2026-01-08 12:05:58:982 [d14207f3][ADB] Could not find online devices
2026-01-08 12:05:58:982 [d14207f3][ADB] Reconnecting adb (target offline)
2026-01-08 12:05:58:982 [d14207f3][ADB] Running '/opt/homebrew/Caskroom/android-platform-tools/36.0.2/platform-tools/adb -P 5037 reconnect offline'
2026-01-08 12:05:59:196 [d14207f3][ADB] Getting connected devices
2026-01-08 12:05:59:214 [d14207f3][ADB] No connected devices have been detected
2026-01-08 12:05:59:214 [d14207f3][ADB] Could not find online devices
2026-01-08 12:05:59:214 [d14207f3][ADB] Reconnecting adb (target offline)
2026-01-08 12:05:59:214 [d14207f3][ADB] Running '/opt/homebrew/Caskroom/android-platform-tools/36.0.2/platform-tools/adb -P 5037 reconnect offline'
2026-01-08 12:05:59:429 [d14207f3][ADB] Getting connected devices
2026-01-08 12:05:59:447 [d14207f3][ADB] No connected devices have been detected
2026-01-08 12:05:59:447 [d14207f3][ADB] Could not find online devices
2026-01-08 12:05:59:447 [d14207f3][ADB] Reconnecting adb (target offline)
2026-01-08 12:05:59:447 [d14207f3][ADB] Running '/opt/homebrew/Caskroom/android-platform-tools/36.0.2/platform-tools/adb -P 5037 reconnect offline'
2026-01-08 12:05:59:660 [d14207f3][ADB] Getting connected devices
2026-01-08 12:05:59:672 [d14207f3][ADB] No connected devices have been detected
2026-01-08 12:05:59:672 [d14207f3][ADB] Could not find online devices
2026-01-08 12:05:59:672 [d14207f3][ADB] Reconnecting adb (target offline)
2026-01-08 12:05:59:672 [d14207f3][ADB] Running '/opt/homebrew/Caskroom/android-platform-tools/36.0.2/platform-tools/adb -P 5037 reconnect offline'
2026-01-08 12:05:59:884 [d14207f3][ADB] Getting connected devices
2026-01-08 12:05:59:898 [d14207f3][ADB] No connected devices have been detected
2026-01-08 12:05:59:898 [d14207f3][ADB] Could not find online devices
2026-01-08 12:05:59:898 [d14207f3][ADB] Reconnecting adb (target offline)
2026-01-08 12:05:59:898 [d14207f3][ADB] Running '/opt/homebrew/Caskroom/android-platform-tools/36.0.2/platform-tools/adb -P 5037 reconnect offline'
2026-01-08 12:06:00:110 [d14207f3][ADB] Getting connected devices
2026-01-08 12:06:00:128 [d14207f3][ADB] No connected devices have been detected
2026-01-08 12:06:00:128 [d14207f3][ADB] Could not find online devices
2026-01-08 12:06:00:128 [d14207f3][ADB] Reconnecting adb (target offline)
2026-01-08 12:06:00:128 [d14207f3][ADB] Running '/opt/homebrew/Caskroom/android-platform-tools/36.0.2/platform-tools/adb -P 5037 reconnect offline'
2026-01-08 12:06:00:342 [d14207f3][ADB] Getting connected devices
2026-01-08 12:06:00:367 [d14207f3][ADB] No connected devices have been detected
2026-01-08 12:06:00:367 [d14207f3][ADB] Could not find online devices
2026-01-08 12:06:00:367 [d14207f3][ADB] Reconnecting adb (target offline)
2026-01-08 12:06:00:367 [d14207f3][ADB] Running '/opt/homebrew/Caskroom/android-platform-tools/36.0.2/platform-tools/adb -P 5037 reconnect offline'
2026-01-08 12:06:00:584 [d14207f3][ADB] Getting connected devices
2026-01-08 12:06:00:610 [d14207f3][ADB] No connected devices have been detected
2026-01-08 12:06:00:610 [d14207f3][ADB] Could not find online devices
2026-01-08 12:06:00:610 [d14207f3][ADB] Reconnecting adb (target offline)
2026-01-08 12:06:00:610 [d14207f3][ADB] Running '/opt/homebrew/Caskroom/android-platform-tools/36.0.2/platform-tools/adb -P 5037 reconnect offline'
2026-01-08 12:06:00:826 [d14207f3][ADB] Getting connected devices
2026-01-08 12:06:00:841 [d14207f3][ADB] No connected devices have been detected
2026-01-08 12:06:00:841 [d14207f3][ADB] Could not find online devices
2026-01-08 12:06:00:841 [d14207f3][ADB] Reconnecting adb (target offline)
2026-01-08 12:06:00:841 [d14207f3][ADB] Running '/opt/homebrew/Caskroom/android-platform-tools/36.0.2/platform-tools/adb -P 5037 reconnect offline'
2026-01-08 12:06:01:056 [d14207f3][ADB] Getting connected devices
2026-01-08 12:06:01:081 [d14207f3][ADB] No connected devices have been detected
2026-01-08 12:06:01:081 [d14207f3][ADB] Could not find online devices
2026-01-08 12:06:01:081 [d14207f3][ADB] Reconnecting adb (target offline)
2026-01-08 12:06:01:081 [d14207f3][ADB] Running '/opt/homebrew/Caskroom/android-platform-tools/36.0.2/platform-tools/adb -P 5037 reconnect offline'
2026-01-08 12:06:01:296 [d14207f3][ADB] Getting connected devices
2026-01-08 12:06:01:317 [d14207f3][ADB] No connected devices have been detected
2026-01-08 12:06:01:317 [d14207f3][ADB] Could not find online devices
2026-01-08 12:06:01:317 [d14207f3][ADB] Reconnecting adb (target offline)
2026-01-08 12:06:01:317 [d14207f3][ADB] Running '/opt/homebrew/Caskroom/android-platform-tools/36.0.2/platform-tools/adb -P 5037 reconnect offline'
2026-01-08 12:06:01:532 [d14207f3][ADB] Getting connected devices
2026-01-08 12:06:01:553 [d14207f3][ADB] No connected devices have been detected
2026-01-08 12:06:01:553 [d14207f3][ADB] Could not find online devices
2026-01-08 12:06:01:553 [d14207f3][ADB] Reconnecting adb (target offline)
2026-01-08 12:06:01:553 [d14207f3][ADB] Running '/opt/homebrew/Caskroom/android-platform-tools/36.0.2/platform-tools/adb -P 5037 reconnect offline'
2026-01-08 12:06:01:769 [d14207f3][ADB] Getting connected devices
2026-01-08 12:06:01:791 [d14207f3][ADB] No connected devices have been detected
2026-01-08 12:06:01:791 [d14207f3][ADB] Could not find online devices
2026-01-08 12:06:01:791 [d14207f3][ADB] Reconnecting adb (target offline)
2026-01-08 12:06:01:791 [d14207f3][ADB] Running '/opt/homebrew/Caskroom/android-platform-tools/36.0.2/platform-tools/adb -P 5037 reconnect offline'
2026-01-08 12:06:02:007 [d14207f3][ADB] Getting connected devices
2026-01-08 12:06:02:033 [d14207f3][ADB] No connected devices have been detected
2026-01-08 12:06:02:033 [d14207f3][ADB] Could not find online devices
2026-01-08 12:06:02:033 [d14207f3][ADB] Reconnecting adb (target offline)
2026-01-08 12:06:02:033 [d14207f3][ADB] Running '/opt/homebrew/Caskroom/android-platform-tools/36.0.2/platform-tools/adb -P 5037 reconnect offline'
2026-01-08 12:06:02:251 [d14207f3][ADB] Getting connected devices
2026-01-08 12:06:02:274 [d14207f3][ADB] No connected devices have been detected
2026-01-08 12:06:02:274 [d14207f3][ADB] Could not find online devices
2026-01-08 12:06:02:274 [d14207f3][ADB] Reconnecting adb (target offline)
2026-01-08 12:06:02:274 [d14207f3][ADB] Running '/opt/homebrew/Caskroom/android-platform-tools/36.0.2/platform-tools/adb -P 5037 reconnect offline'
2026-01-08 12:06:02:489 [d14207f3][ADB] Getting connected devices
2026-01-08 12:06:02:510 [d14207f3][ADB] No connected devices have been detected
2026-01-08 12:06:02:510 [d14207f3][ADB] Could not find online devices
2026-01-08 12:06:02:510 [d14207f3][ADB] Reconnecting adb (target offline)
2026-01-08 12:06:02:510 [d14207f3][ADB] Running '/opt/homebrew/Caskroom/android-platform-tools/36.0.2/platform-tools/adb -P 5037 reconnect offline'
2026-01-08 12:06:02:726 [d14207f3][ADB] Getting connected devices
2026-01-08 12:06:02:752 [d14207f3][ADB] No connected devices have been detected
2026-01-08 12:06:02:753 [d14207f3][ADB] Could not find online devices
2026-01-08 12:06:02:753 [d14207f3][ADB] Reconnecting adb (target offline)
2026-01-08 12:06:02:753 [d14207f3][ADB] Running '/opt/homebrew/Caskroom/android-platform-tools/36.0.2/platform-tools/adb -P 5037 reconnect offline'
2026-01-08 12:06:02:971 [d14207f3][ADB] Getting connected devices
2026-01-08 12:06:02:991 [d14207f3][ADB] No connected devices have been detected
2026-01-08 12:06:02:991 [d14207f3][ADB] Could not find online devices
2026-01-08 12:06:02:992 [d14207f3][ADB] Reconnecting adb (target offline)
2026-01-08 12:06:02:992 [d14207f3][ADB] Running '/opt/homebrew/Caskroom/android-platform-tools/36.0.2/platform-tools/adb -P 5037 reconnect offline'
2026-01-08 12:06:03:206 [d14207f3][ADB] Getting connected devices
2026-01-08 12:06:03:228 [d14207f3][ADB] No connected devices have been detected
2026-01-08 12:06:03:228 [d14207f3][ADB] Could not find online devices
2026-01-08 12:06:03:228 [d14207f3][ADB] Reconnecting adb (target offline)
2026-01-08 12:06:03:228 [d14207f3][ADB] Running '/opt/homebrew/Caskroom/android-platform-tools/36.0.2/platform-tools/adb -P 5037 reconnect offline'
2026-01-08 12:06:03:443 [d14207f3][ADB] Getting connected devices
2026-01-08 12:06:03:462 [d14207f3][ADB] No connected devices have been detected
2026-01-08 12:06:03:463 [d14207f3][ADB] Could not find online devices
2026-01-08 12:06:03:463 [d14207f3][ADB] Reconnecting adb (target offline)
2026-01-08 12:06:03:463 [d14207f3][ADB] Running '/opt/homebrew/Caskroom/android-platform-tools/36.0.2/platform-tools/adb -P 5037 reconnect offline'
2026-01-08 12:06:03:677 [d14207f3][ADB] Getting connected devices
2026-01-08 12:06:03:702 [d14207f3][ADB] No connected devices have been detected
2026-01-08 12:06:03:702 [d14207f3][ADB] Could not find online devices
2026-01-08 12:06:03:702 [d14207f3][ADB] Reconnecting adb (target offline)
2026-01-08 12:06:03:702 [d14207f3][ADB] Running '/opt/homebrew/Caskroom/android-platform-tools/36.0.2/platform-tools/adb -P 5037 reconnect offline'
2026-01-08 12:06:03:918 [d14207f3][ADB] Getting connected devices
2026-01-08 12:06:03:942 [d14207f3][ADB] No connected devices have been detected
2026-01-08 12:06:03:942 [d14207f3][ADB] Could not find online devices
2026-01-08 12:06:03:942 [d14207f3][ADB] Reconnecting adb (target offline)
2026-01-08 12:06:03:942 [d14207f3][ADB] Running '/opt/homebrew/Caskroom/android-platform-tools/36.0.2/platform-tools/adb -P 5037 reconnect offline'
2026-01-08 12:06:04:165 [d14207f3][ADB] Getting connected devices
2026-01-08 12:06:04:189 [d14207f3][ADB] No connected devices have been detected
2026-01-08 12:06:04:189 [d14207f3][ADB] Could not find online devices
2026-01-08 12:06:04:190 [d14207f3][ADB] Reconnecting adb (target offline)
2026-01-08 12:06:04:190 [d14207f3][ADB] Running '/opt/homebrew/Caskroom/android-platform-tools/36.0.2/platform-tools/adb -P 5037 reconnect offline'
2026-01-08 12:06:04:407 [d14207f3][ADB] Getting connected devices
2026-01-08 12:06:04:432 [d14207f3][ADB] No connected devices have been detected
2026-01-08 12:06:04:432 [d14207f3][ADB] Could not find online devices
2026-01-08 12:06:04:432 [d14207f3][ADB] Reconnecting adb (target offline)
2026-01-08 12:06:04:432 [d14207f3][ADB] Running '/opt/homebrew/Caskroom/android-platform-tools/36.0.2/platform-tools/adb -P 5037 reconnect offline'
2026-01-08 12:06:04:649 [d14207f3][ADB] Getting connected devices
2026-01-08 12:06:04:675 [d14207f3][ADB] No connected devices have been detected
2026-01-08 12:06:04:675 [d14207f3][ADB] Could not find online devices
2026-01-08 12:06:04:675 [d14207f3][ADB] Reconnecting adb (target offline)
2026-01-08 12:06:04:675 [d14207f3][ADB] Running '/opt/homebrew/Caskroom/android-platform-tools/36.0.2/platform-tools/adb -P 5037 reconnect offline'
2026-01-08 12:06:04:893 [d14207f3][ADB] Getting connected devices
2026-01-08 12:06:04:905 [d14207f3][ADB] No connected devices have been detected
2026-01-08 12:06:04:905 [d14207f3][ADB] Could not find online devices
2026-01-08 12:06:04:905 [d14207f3][ADB] Reconnecting adb (target offline)
2026-01-08 12:06:04:905 [d14207f3][ADB] Running '/opt/homebrew/Caskroom/android-platform-tools/36.0.2/platform-tools/adb -P 5037 reconnect offline'
2026-01-08 12:06:05:117 [d14207f3][ADB] Getting connected devices
2026-01-08 12:06:05:143 [d14207f3][ADB] No connected devices have been detected
2026-01-08 12:06:05:143 [d14207f3][ADB] Could not find online devices
2026-01-08 12:06:05:143 [d14207f3][ADB] Reconnecting adb (target offline)
2026-01-08 12:06:05:143 [d14207f3][ADB] Running '/opt/homebrew/Caskroom/android-platform-tools/36.0.2/platform-tools/adb -P 5037 reconnect offline'
2026-01-08 12:06:05:360 [d14207f3][ADB] Getting connected devices
2026-01-08 12:06:05:384 [d14207f3][ADB] No connected devices have been detected
2026-01-08 12:06:05:384 [d14207f3][ADB] Could not find online devices
2026-01-08 12:06:05:384 [d14207f3][ADB] Reconnecting adb (target offline)
2026-01-08 12:06:05:384 [d14207f3][ADB] Running '/opt/homebrew/Caskroom/android-platform-tools/36.0.2/platform-tools/adb -P 5037 reconnect offline'
2026-01-08 12:06:05:599 [d14207f3][ADB] Getting connected devices
2026-01-08 12:06:05:627 [d14207f3][ADB] No connected devices have been detected
2026-01-08 12:06:05:627 [d14207f3][ADB] Could not find online devices
2026-01-08 12:06:05:627 [d14207f3][ADB] Reconnecting adb (target offline)
2026-01-08 12:06:05:627 [d14207f3][ADB] Running '/opt/homebrew/Caskroom/android-platform-tools/36.0.2/platform-tools/adb -P 5037 reconnect offline'
2026-01-08 12:06:05:844 [d14207f3][ADB] Getting connected devices
2026-01-08 12:06:05:868 [d14207f3][ADB] No connected devices have been detected
2026-01-08 12:06:05:868 [d14207f3][ADB] Could not find online devices
2026-01-08 12:06:05:868 [d14207f3][ADB] Reconnecting adb (target offline)
2026-01-08 12:06:05:868 [d14207f3][ADB] Running '/opt/homebrew/Caskroom/android-platform-tools/36.0.2/platform-tools/adb -P 5037 reconnect offline'
2026-01-08 12:06:06:083 [d14207f3][ADB] Getting connected devices
2026-01-08 12:06:06:105 [d14207f3][ADB] No connected devices have been detected
2026-01-08 12:06:06:105 [d14207f3][ADB] Could not find online devices
2026-01-08 12:06:06:105 [d14207f3][ADB] Reconnecting adb (target offline)
2026-01-08 12:06:06:105 [d14207f3][ADB] Running '/opt/homebrew/Caskroom/android-platform-tools/36.0.2/platform-tools/adb -P 5037 reconnect offline'
2026-01-08 12:06:06:320 [d14207f3][ADB] Getting connected devices
2026-01-08 12:06:06:342 [d14207f3][ADB] No connected devices have been detected
2026-01-08 12:06:06:342 [d14207f3][ADB] Could not find online devices
2026-01-08 12:06:06:342 [d14207f3][ADB] Reconnecting adb (target offline)
2026-01-08 12:06:06:342 [d14207f3][ADB] Running '/opt/homebrew/Caskroom/android-platform-tools/36.0.2/platform-tools/adb -P 5037 reconnect offline'
2026-01-08 12:06:06:558 [d14207f3][ADB] Getting connected devices
2026-01-08 12:06:06:583 [d14207f3][ADB] No connected devices have been detected
2026-01-08 12:06:06:584 [d14207f3][ADB] Could not find online devices
2026-01-08 12:06:06:584 [d14207f3][ADB] Reconnecting adb (target offline)
2026-01-08 12:06:06:584 [d14207f3][ADB] Running '/opt/homebrew/Caskroom/android-platform-tools/36.0.2/platform-tools/adb -P 5037 reconnect offline'
2026-01-08 12:06:06:801 [d14207f3][ADB] Getting connected devices
2026-01-08 12:06:06:815 [d14207f3][ADB] No connected devices have been detected
2026-01-08 12:06:06:815 [d14207f3][ADB] Could not find online devices
2026-01-08 12:06:06:815 [d14207f3][ADB] Reconnecting adb (target offline)
2026-01-08 12:06:06:815 [d14207f3][ADB] Running '/opt/homebrew/Caskroom/android-platform-tools/36.0.2/platform-tools/adb -P 5037 reconnect offline'
2026-01-08 12:06:07:029 [d14207f3][ADB] Getting connected devices
2026-01-08 12:06:07:053 [d14207f3][ADB] No connected devices have been detected
2026-01-08 12:06:07:053 [d14207f3][ADB] Could not find online devices
2026-01-08 12:06:07:053 [d14207f3][ADB] Reconnecting adb (target offline)
2026-01-08 12:06:07:053 [d14207f3][ADB] Running '/opt/homebrew/Caskroom/android-platform-tools/36.0.2/platform-tools/adb -P 5037 reconnect offline'
2026-01-08 12:06:07:269 [d14207f3][ADB] Getting connected devices
2026-01-08 12:06:07:294 [d14207f3][ADB] No connected devices have been detected
2026-01-08 12:06:07:294 [d14207f3][ADB] Could not find online devices
2026-01-08 12:06:07:294 [d14207f3][ADB] Reconnecting adb (target offline)
2026-01-08 12:06:07:294 [d14207f3][ADB] Running '/opt/homebrew/Caskroom/android-platform-tools/36.0.2/platform-tools/adb -P 5037 reconnect offline'
2026-01-08 12:06:07:509 [d14207f3][ADB] Getting connected devices
2026-01-08 12:06:07:533 [d14207f3][ADB] No connected devices have been detected
2026-01-08 12:06:07:533 [d14207f3][ADB] Could not find online devices
2026-01-08 12:06:07:533 [d14207f3][ADB] Reconnecting adb (target offline)
2026-01-08 12:06:07:533 [d14207f3][ADB] Running '/opt/homebrew/Caskroom/android-platform-tools/36.0.2/platform-tools/adb -P 5037 reconnect offline'
2026-01-08 12:06:07:749 [d14207f3][ADB] Getting connected devices
2026-01-08 12:06:07:773 [d14207f3][ADB] No connected devices have been detected
2026-01-08 12:06:07:773 [d14207f3][ADB] Could not find online devices
2026-01-08 12:06:07:773 [d14207f3][ADB] Reconnecting adb (target offline)
2026-01-08 12:06:07:773 [d14207f3][ADB] Running '/opt/homebrew/Caskroom/android-platform-tools/36.0.2/platform-tools/adb -P 5037 reconnect offline'
2026-01-08 12:06:07:991 [d14207f3][ADB] Getting connected devices
2026-01-08 12:06:08:013 [d14207f3][ADB] No connected devices have been detected
2026-01-08 12:06:08:014 [d14207f3][ADB] Could not find online devices
2026-01-08 12:06:08:014 [d14207f3][ADB] Reconnecting adb (target offline)
2026-01-08 12:06:08:014 [d14207f3][ADB] Running '/opt/homebrew/Caskroom/android-platform-tools/36.0.2/platform-tools/adb -P 5037 reconnect offline'
2026-01-08 12:06:08:229 [d14207f3][ADB] Getting connected devices
2026-01-08 12:06:08:254 [d14207f3][ADB] No connected devices have been detected
2026-01-08 12:06:08:254 [d14207f3][ADB] Could not find online devices
2026-01-08 12:06:08:255 [d14207f3][ADB] Reconnecting adb (target offline)
2026-01-08 12:06:08:255 [d14207f3][ADB] Running '/opt/homebrew/Caskroom/android-platform-tools/36.0.2/platform-tools/adb -P 5037 reconnect offline'
2026-01-08 12:06:08:471 [d14207f3][ADB] Getting connected devices
2026-01-08 12:06:08:493 [d14207f3][ADB] No connected devices have been detected
2026-01-08 12:06:08:493 [d14207f3][ADB] Could not find online devices
2026-01-08 12:06:08:493 [d14207f3][ADB] Reconnecting adb (target offline)
2026-01-08 12:06:08:493 [d14207f3][ADB] Running '/opt/homebrew/Caskroom/android-platform-tools/36.0.2/platform-tools/adb -P 5037 reconnect offline'
2026-01-08 12:06:08:708 [d14207f3][ADB] Getting connected devices
2026-01-08 12:06:08:734 [d14207f3][ADB] No connected devices have been detected
2026-01-08 12:06:08:734 [d14207f3][ADB] Could not find online devices
2026-01-08 12:06:08:734 [d14207f3][ADB] Reconnecting adb (target offline)
2026-01-08 12:06:08:734 [d14207f3][ADB] Running '/opt/homebrew/Caskroom/android-platform-tools/36.0.2/platform-tools/adb -P 5037 reconnect offline'
2026-01-08 12:06:08:949 [d14207f3][ADB] Getting connected devices
2026-01-08 12:06:08:968 [d14207f3][ADB] No connected devices have been detected
2026-01-08 12:06:08:968 [d14207f3][ADB] Could not find online devices
2026-01-08 12:06:08:969 [d14207f3][ADB] Reconnecting adb (target offline)
2026-01-08 12:06:08:969 [d14207f3][ADB] Running '/opt/homebrew/Caskroom/android-platform-tools/36.0.2/platform-tools/adb -P 5037 reconnect offline'
2026-01-08 12:06:09:182 [d14207f3][ADB] Getting connected devices
2026-01-08 12:06:09:205 [d14207f3][ADB] No connected devices have been detected
2026-01-08 12:06:09:205 [d14207f3][ADB] Could not find online devices
2026-01-08 12:06:09:205 [d14207f3][ADB] Reconnecting adb (target offline)
2026-01-08 12:06:09:205 [d14207f3][ADB] Running '/opt/homebrew/Caskroom/android-platform-tools/36.0.2/platform-tools/adb -P 5037 reconnect offline'
2026-01-08 12:06:09:420 [d14207f3][ADB] Getting connected devices
2026-01-08 12:06:09:447 [d14207f3][ADB] No connected devices have been detected
2026-01-08 12:06:09:447 [d14207f3][ADB] Could not find online devices
2026-01-08 12:06:09:447 [d14207f3][ADB] Reconnecting adb (target offline)
2026-01-08 12:06:09:447 [d14207f3][ADB] Running '/opt/homebrew/Caskroom/android-platform-tools/36.0.2/platform-tools/adb -P 5037 reconnect offline'
2026-01-08 12:06:09:663 [d14207f3][ADB] Getting connected devices
2026-01-08 12:06:09:688 [d14207f3][ADB] No connected devices have been detected
2026-01-08 12:06:09:688 [d14207f3][ADB] Could not find online devices
2026-01-08 12:06:09:688 [d14207f3][ADB] Reconnecting adb (target offline)
2026-01-08 12:06:09:689 [d14207f3][ADB] Running '/opt/homebrew/Caskroom/android-platform-tools/36.0.2/platform-tools/adb -P 5037 reconnect offline'
2026-01-08 12:06:09:904 [d14207f3][ADB] Getting connected devices
2026-01-08 12:06:09:919 [d14207f3][ADB] No connected devices have been detected
2026-01-08 12:06:09:919 [d14207f3][ADB] Could not find online devices
2026-01-08 12:06:09:919 [d14207f3][ADB] Reconnecting adb (target offline)
2026-01-08 12:06:09:919 [d14207f3][ADB] Running '/opt/homebrew/Caskroom/android-platform-tools/36.0.2/platform-tools/adb -P 5037 reconnect offline'
2026-01-08 12:06:10:132 [d14207f3][ADB] Getting connected devices
2026-01-08 12:06:10:158 [d14207f3][ADB] No connected devices have been detected
2026-01-08 12:06:10:158 [d14207f3][ADB] Could not find online devices
2026-01-08 12:06:10:158 [d14207f3][ADB] Reconnecting adb (target offline)
2026-01-08 12:06:10:158 [d14207f3][ADB] Running '/opt/homebrew/Caskroom/android-platform-tools/36.0.2/platform-tools/adb -P 5037 reconnect offline'
2026-01-08 12:06:10:376 [d14207f3][ADB] Getting connected devices
2026-01-08 12:06:10:402 [d14207f3][ADB] No connected devices have been detected
2026-01-08 12:06:10:402 [d14207f3][ADB] Could not find online devices
2026-01-08 12:06:10:402 [d14207f3][ADB] Reconnecting adb (target offline)
2026-01-08 12:06:10:402 [d14207f3][ADB] Running '/opt/homebrew/Caskroom/android-platform-tools/36.0.2/platform-tools/adb -P 5037 reconnect offline'
2026-01-08 12:06:10:617 [d14207f3][ADB] Getting connected devices
2026-01-08 12:06:10:638 [d14207f3][ADB] No connected devices have been detected
2026-01-08 12:06:10:638 [d14207f3][ADB] Could not find online devices
2026-01-08 12:06:10:638 [d14207f3][ADB] Reconnecting adb (target offline)
2026-01-08 12:06:10:638 [d14207f3][ADB] Running '/opt/homebrew/Caskroom/android-platform-tools/36.0.2/platform-tools/adb -P 5037 reconnect offline'
2026-01-08 12:06:10:854 [d14207f3][ADB] Getting connected devices
2026-01-08 12:06:10:878 [d14207f3][ADB] No connected devices have been detected
2026-01-08 12:06:10:878 [d14207f3][ADB] Could not find online devices
2026-01-08 12:06:10:878 [d14207f3][ADB] Reconnecting adb (target offline)
2026-01-08 12:06:10:878 [d14207f3][ADB] Running '/opt/homebrew/Caskroom/android-platform-tools/36.0.2/platform-tools/adb -P 5037 reconnect offline'
2026-01-08 12:06:11:095 [d14207f3][ADB] Getting connected devices
2026-01-08 12:06:11:119 [d14207f3][ADB] No connected devices have been detected
2026-01-08 12:06:11:119 [d14207f3][ADB] Could not find online devices
2026-01-08 12:06:11:119 [d14207f3][ADB] Reconnecting adb (target offline)
2026-01-08 12:06:11:119 [d14207f3][ADB] Running '/opt/homebrew/Caskroom/android-platform-tools/36.0.2/platform-tools/adb -P 5037 reconnect offline'
2026-01-08 12:06:11:134 [d14207f3][38;5;-104m[AndroidUiautomator2Driver@5372] Deleting UiAutomator2 session
2026-01-08 12:06:11:134 [d14207f3][38;5;-104m[AndroidUiautomator2Driver@5372] Unable to stop ChromeDriver proxies: Cannot read properties of undefined (reading 'proxyReqRes')
2026-01-08 12:06:11:134 [d14207f3][AppiumDriver@eb75] Event 'newSessionStarted' logged at 1767873971134 (14:06:11 GMT+0200 (Israel Standard Time))
2026-01-08 12:06:11:135 [d14207f3][AppiumDriver@eb75] Encountered internal error running command: Error: Could not find a connected Android device in 20000ms
    at ADB.getDevicesWithRetry (/Users/eladyerushalmi/.appium/node_modules/appium-uiautomator2-driver/node_modules/appium-adb/lib/tools/system-calls.js:332:13)
    at Object.getDeviceInfoFromCaps (/Users/eladyerushalmi/.appium/node_modules/appium-uiautomator2-driver/node_modules/appium-android-driver/lib/helpers/android.ts:378:23)
    at AndroidUiautomator2Driver.startUiAutomator2Session (/Users/eladyerushalmi/.appium/node_modules/appium-uiautomator2-driver/lib/driver.ts:425:28)
    at AndroidUiautomator2Driver.createSession (/Users/eladyerushalmi/.appium/node_modules/appium-uiautomator2-driver/lib/driver.ts:299:22)
    at AppiumDriver.createSession (/Users/eladyerushalmi/.nvm/versions/node/v22.4.0/lib/node_modules/appium/lib/appium.js:379:35)
2026-01-08 12:06:11:135 [d14207f3][HTTP] <-- POST /session 500 20074 ms - 680 
2026-01-08 12:06:11:148 [HTTP] Request idempotency key: f1008086-e17b-42bf-8f3e-42ff72935e3d
2026-01-08 12:06:11:149 [HTTP] --> POST /session {"capabilities":{"firstMatch":[{"appium:noReset":false,"appium:appActivity":"com.saucelabs.mydemoapp.android.view.activities.SplashActivity","appium:deviceName":"emulator-5554","platformName":"ANDROID","appium:automationName":"UiAutomator2","appium:fullReset":false,"appium:app":"/Users/eladyerushalmi/Documents/sauce-sample-app-mobile-automation/src/test/resources/apps/mda.apk","appium:appPackage":"com.saucelabs.mydemoapp.android"}]}}
2026-01-08 12:06:11:149 [AppiumDriver@eb75] Calling AppiumDriver.createSession() with args: [null,null,{"firstMatch":[{"appium:noReset":false,"appium:appActivity":"com.saucelabs.mydemoapp.android.view.activities.SplashActivity","appium:deviceName":"emulator-5554","platformName":"ANDROID","appium:automationName":"UiAutomator2","appium:fullReset":false,"appium:app":"/Users/eladyerushalmi/Documents/sauce-sample-app-mobile-automation/src/test/resources/apps/mda.apk","appium:appPackage":"com.saucelabs.mydemoapp.android"}]}]
2026-01-08 12:06:11:149 [AppiumDriver@eb75] Event 'newSessionRequested' logged at 1767873971149 (14:06:11 GMT+0200 (Israel Standard Time))
2026-01-08 12:06:11:149 [Appium] Attempting to find matching driver for automationName 'UiAutomator2' and platformName 'ANDROID'
2026-01-08 12:06:11:149 [Appium] The 'uiautomator2' driver was installed and matched caps.
2026-01-08 12:06:11:149 [Appium] Will require it at /Users/eladyerushalmi/.appium/node_modules/appium-uiautomator2-driver
2026-01-08 12:06:11:150 [Appium] Requiring driver at /Users/eladyerushalmi/.appium/node_modules/appium-uiautomator2-driver/build/index.js
2026-01-08 12:06:11:150 [AppiumDriver@eb75] Appium v2.19.0 creating new AndroidUiautomator2Driver (v2.42.1) session
2026-01-08 12:06:11:150 [AppiumDriver@eb75] Checking BaseDriver versions for Appium and AndroidUiautomator2Driver
2026-01-08 12:06:11:150 [AppiumDriver@eb75] Appium's BaseDriver version is 9.18.0
2026-01-08 12:06:11:150 [AppiumDriver@eb75] AndroidUiautomator2Driver's BaseDriver version is 9.18.0
2026-01-08 12:06:11:150 [38;5;-101m[AndroidUiautomator2Driver@8141] 
2026-01-08 12:06:11:150 [38;5;-101m[AndroidUiautomator2Driver@8141] Creating session with W3C capabilities: {
  "alwaysMatch": {
    "platformName": "ANDROID",
    "appium:noReset": false,
    "appium:appActivity": "com.saucelabs.mydemoapp.android.view.activities.SplashActivity",
    "appium:deviceName": "emulator-5554",
    "appium:automationName": "UiAutomator2",
    "appium:fullReset": false,
    "appium:app": "/Users/eladyerushalmi/Documents/sauce-sample-app-mobile-automation/src/test/resources/apps/mda.apk",
    "appium:appPackage": "com.saucelabs.mydemoapp.android"
  },
  "firstMatch": [
    {}
  ]
}
2026-01-08 12:06:11:152 [6ae95de6][38;5;-101m[AndroidUiautomator2Driver@8141] Session created with session id: 6ae95de6-31a5-4ec0-8e0b-2f6a6f130fbd
2026-01-08 12:06:11:152 [6ae95de6][BaseDriver] Using local app '/Users/eladyerushalmi/Documents/sauce-sample-app-mobile-automation/src/test/resources/apps/mda.apk'
2026-01-08 12:06:11:181 [6ae95de6][38;5;-101m[AndroidUiautomator2Driver@8141] Checking whether app is actually present
2026-01-08 12:06:11:182 [6ae95de6][ADB] Using 'adb' from '/opt/homebrew/Caskroom/android-platform-tools/36.0.2/platform-tools/adb'
2026-01-08 12:06:11:182 [6ae95de6][ADB] Running '/opt/homebrew/Caskroom/android-platform-tools/36.0.2/platform-tools/adb -P 5037 start-server'
2026-01-08 12:06:11:193 [6ae95de6][AndroidDriver] Retrieving device list
2026-01-08 12:06:11:193 [6ae95de6][ADB] Trying to find connected Android devices
2026-01-08 12:06:11:193 [6ae95de6][ADB] Getting connected devices
2026-01-08 12:06:11:203 [6ae95de6][ADB] No connected devices have been detected
2026-01-08 12:06:11:203 [6ae95de6][ADB] Could not find online devices
2026-01-08 12:06:11:203 [6ae95de6][ADB] Reconnecting adb (target offline)
2026-01-08 12:06:11:203 [6ae95de6][ADB] Running '/opt/homebrew/Caskroom/android-platform-tools/36.0.2/platform-tools/adb -P 5037 reconnect offline'
2026-01-08 12:06:11:414 [6ae95de6][ADB] Getting connected devices
2026-01-08 12:06:11:434 [6ae95de6][ADB] No connected devices have been detected
2026-01-08 12:06:11:434 [6ae95de6][ADB] Could not find online devices
2026-01-08 12:06:11:434 [6ae95de6][ADB] Reconnecting adb (target offline)
2026-01-08 12:06:11:434 [6ae95de6][ADB] Running '/opt/homebrew/Caskroom/android-platform-tools/36.0.2/platform-tools/adb -P 5037 reconnect offline'
2026-01-08 12:06:11:650 [6ae95de6][ADB] Getting connected devices
2026-01-08 12:06:11:672 [6ae95de6][ADB] No connected devices have been detected
2026-01-08 12:06:11:672 [6ae95de6][ADB] Could not find online devices
2026-01-08 12:06:11:672 [6ae95de6][ADB] Reconnecting adb (target offline)
2026-01-08 12:06:11:672 [6ae95de6][ADB] Running '/opt/homebrew/Caskroom/android-platform-tools/36.0.2/platform-tools/adb -P 5037 reconnect offline'
2026-01-08 12:06:11:886 [6ae95de6][ADB] Getting connected devices
2026-01-08 12:06:11:900 [6ae95de6][ADB] No connected devices have been detected
2026-01-08 12:06:11:900 [6ae95de6][ADB] Could not find online devices
2026-01-08 12:06:11:900 [6ae95de6][ADB] Reconnecting adb (target offline)
2026-01-08 12:06:11:900 [6ae95de6][ADB] Running '/opt/homebrew/Caskroom/android-platform-tools/36.0.2/platform-tools/adb -P 5037 reconnect offline'
2026-01-08 12:06:12:115 [6ae95de6][ADB] Getting connected devices
2026-01-08 12:06:12:138 [6ae95de6][ADB] No connected devices have been detected
2026-01-08 12:06:12:138 [6ae95de6][ADB] Could not find online devices
2026-01-08 12:06:12:138 [6ae95de6][ADB] Reconnecting adb (target offline)
2026-01-08 12:06:12:138 [6ae95de6][ADB] Running '/opt/homebrew/Caskroom/android-platform-tools/36.0.2/platform-tools/adb -P 5037 reconnect offline'
2026-01-08 12:06:12:354 [6ae95de6][ADB] Getting connected devices
2026-01-08 12:06:12:364 [6ae95de6][ADB] No connected devices have been detected
2026-01-08 12:06:12:364 [6ae95de6][ADB] Could not find online devices
2026-01-08 12:06:12:364 [6ae95de6][ADB] Reconnecting adb (target offline)
2026-01-08 12:06:12:364 [6ae95de6][ADB] Running '/opt/homebrew/Caskroom/android-platform-tools/36.0.2/platform-tools/adb -P 5037 reconnect offline'
2026-01-08 12:06:12:576 [6ae95de6][ADB] Getting connected devices
2026-01-08 12:06:12:593 [6ae95de6][ADB] No connected devices have been detected
2026-01-08 12:06:12:593 [6ae95de6][ADB] Could not find online devices
2026-01-08 12:06:12:593 [6ae95de6][ADB] Reconnecting adb (target offline)
2026-01-08 12:06:12:593 [6ae95de6][ADB] Running '/opt/homebrew/Caskroom/android-platform-tools/36.0.2/platform-tools/adb -P 5037 reconnect offline'
2026-01-08 12:06:12:808 [6ae95de6][ADB] Getting connected devices
2026-01-08 12:06:12:834 [6ae95de6][ADB] No connected devices have been detected
2026-01-08 12:06:12:834 [6ae95de6][ADB] Could not find online devices
2026-01-08 12:06:12:834 [6ae95de6][ADB] Reconnecting adb (target offline)
2026-01-08 12:06:12:834 [6ae95de6][ADB] Running '/opt/homebrew/Caskroom/android-platform-tools/36.0.2/platform-tools/adb -P 5037 reconnect offline'
2026-01-08 12:06:13:051 [6ae95de6][ADB] Getting connected devices
2026-01-08 12:06:13:077 [6ae95de6][ADB] No connected devices have been detected
2026-01-08 12:06:13:077 [6ae95de6][ADB] Could not find online devices
2026-01-08 12:06:13:077 [6ae95de6][ADB] Reconnecting adb (target offline)
2026-01-08 12:06:13:077 [6ae95de6][ADB] Running '/opt/homebrew/Caskroom/android-platform-tools/36.0.2/platform-tools/adb -P 5037 reconnect offline'
2026-01-08 12:06:13:295 [6ae95de6][ADB] Getting connected devices
2026-01-08 12:06:13:317 [6ae95de6][ADB] No connected devices have been detected
2026-01-08 12:06:13:318 [6ae95de6][ADB] Could not find online devices
2026-01-08 12:06:13:318 [6ae95de6][ADB] Reconnecting adb (target offline)
2026-01-08 12:06:13:318 [6ae95de6][ADB] Running '/opt/homebrew/Caskroom/android-platform-tools/36.0.2/platform-tools/adb -P 5037 reconnect offline'
2026-01-08 12:06:13:533 [6ae95de6][ADB] Getting connected devices
2026-01-08 12:06:13:559 [6ae95de6][ADB] No connected devices have been detected
2026-01-08 12:06:13:559 [6ae95de6][ADB] Could not find online devices
2026-01-08 12:06:13:559 [6ae95de6][ADB] Reconnecting adb (target offline)
2026-01-08 12:06:13:559 [6ae95de6][ADB] Running '/opt/homebrew/Caskroom/android-platform-tools/36.0.2/platform-tools/adb -P 5037 reconnect offline'
2026-01-08 12:06:13:777 [6ae95de6][ADB] Getting connected devices
2026-01-08 12:06:13:803 [6ae95de6][ADB] No connected devices have been detected
2026-01-08 12:06:13:803 [6ae95de6][ADB] Could not find online devices
2026-01-08 12:06:13:803 [6ae95de6][ADB] Reconnecting adb (target offline)
2026-01-08 12:06:13:803 [6ae95de6][ADB] Running '/opt/homebrew/Caskroom/android-platform-tools/36.0.2/platform-tools/adb -P 5037 reconnect offline'
2026-01-08 12:06:14:020 [6ae95de6][ADB] Getting connected devices
2026-01-08 12:06:14:044 [6ae95de6][ADB] No connected devices have been detected
2026-01-08 12:06:14:044 [6ae95de6][ADB] Could not find online devices
2026-01-08 12:06:14:044 [6ae95de6][ADB] Reconnecting adb (target offline)
2026-01-08 12:06:14:044 [6ae95de6][ADB] Running '/opt/homebrew/Caskroom/android-platform-tools/36.0.2/platform-tools/adb -P 5037 reconnect offline'
2026-01-08 12:06:14:260 [6ae95de6][ADB] Getting connected devices
2026-01-08 12:06:14:281 [6ae95de6][ADB] No connected devices have been detected
2026-01-08 12:06:14:281 [6ae95de6][ADB] Could not find online devices
2026-01-08 12:06:14:281 [6ae95de6][ADB] Reconnecting adb (target offline)
2026-01-08 12:06:14:281 [6ae95de6][ADB] Running '/opt/homebrew/Caskroom/android-platform-tools/36.0.2/platform-tools/adb -P 5037 reconnect offline'
2026-01-08 12:06:14:496 [6ae95de6][ADB] Getting connected devices
2026-01-08 12:06:14:522 [6ae95de6][ADB] No connected devices have been detected
2026-01-08 12:06:14:522 [6ae95de6][ADB] Could not find online devices
2026-01-08 12:06:14:522 [6ae95de6][ADB] Reconnecting adb (target offline)
2026-01-08 12:06:14:522 [6ae95de6][ADB] Running '/opt/homebrew/Caskroom/android-platform-tools/36.0.2/platform-tools/adb -P 5037 reconnect offline'
2026-01-08 12:06:14:739 [6ae95de6][ADB] Getting connected devices
2026-01-08 12:06:14:752 [6ae95de6][ADB] No connected devices have been detected
2026-01-08 12:06:14:753 [6ae95de6][ADB] Could not find online devices
2026-01-08 12:06:14:753 [6ae95de6][ADB] Reconnecting adb (target offline)
2026-01-08 12:06:14:753 [6ae95de6][ADB] Running '/opt/homebrew/Caskroom/android-platform-tools/36.0.2/platform-tools/adb -P 5037 reconnect offline'
2026-01-08 12:06:14:966 [6ae95de6][ADB] Getting connected devices
2026-01-08 12:06:14:987 [6ae95de6][ADB] No connected devices have been detected
2026-01-08 12:06:14:987 [6ae95de6][ADB] Could not find online devices
2026-01-08 12:06:14:988 [6ae95de6][ADB] Reconnecting adb (target offline)
2026-01-08 12:06:14:988 [6ae95de6][ADB] Running '/opt/homebrew/Caskroom/android-platform-tools/36.0.2/platform-tools/adb -P 5037 reconnect offline'
2026-01-08 12:06:15:203 [6ae95de6][ADB] Getting connected devices
2026-01-08 12:06:15:226 [6ae95de6][ADB] No connected devices have been detected
2026-01-08 12:06:15:226 [6ae95de6][ADB] Could not find online devices
2026-01-08 12:06:15:226 [6ae95de6][ADB] Reconnecting adb (target offline)
2026-01-08 12:06:15:226 [6ae95de6][ADB] Running '/opt/homebrew/Caskroom/android-platform-tools/36.0.2/platform-tools/adb -P 5037 reconnect offline'
2026-01-08 12:06:15:441 [6ae95de6][ADB] Getting connected devices
2026-01-08 12:06:15:456 [6ae95de6][ADB] No connected devices have been detected
2026-01-08 12:06:15:456 [6ae95de6][ADB] Could not find online devices
2026-01-08 12:06:15:456 [6ae95de6][ADB] Reconnecting adb (target offline)
2026-01-08 12:06:15:456 [6ae95de6][ADB] Running '/opt/homebrew/Caskroom/android-platform-tools/36.0.2/platform-tools/adb -P 5037 reconnect offline'
2026-01-08 12:06:15:670 [6ae95de6][ADB] Getting connected devices
2026-01-08 12:06:15:696 [6ae95de6][ADB] No connected devices have been detected
2026-01-08 12:06:15:696 [6ae95de6][ADB] Could not find online devices
2026-01-08 12:06:15:696 [6ae95de6][ADB] Reconnecting adb (target offline)
2026-01-08 12:06:15:696 [6ae95de6][ADB] Running '/opt/homebrew/Caskroom/android-platform-tools/36.0.2/platform-tools/adb -P 5037 reconnect offline'
2026-01-08 12:06:15:912 [6ae95de6][ADB] Getting connected devices
2026-01-08 12:06:15:937 [6ae95de6][ADB] No connected devices have been detected
2026-01-08 12:06:15:937 [6ae95de6][ADB] Could not find online devices
2026-01-08 12:06:15:937 [6ae95de6][ADB] Reconnecting adb (target offline)
2026-01-08 12:06:15:937 [6ae95de6][ADB] Running '/opt/homebrew/Caskroom/android-platform-tools/36.0.2/platform-tools/adb -P 5037 reconnect offline'
2026-01-08 12:06:16:152 [6ae95de6][ADB] Getting connected devices
2026-01-08 12:06:16:178 [6ae95de6][ADB] No connected devices have been detected
2026-01-08 12:06:16:178 [6ae95de6][ADB] Could not find online devices
2026-01-08 12:06:16:178 [6ae95de6][ADB] Reconnecting adb (target offline)
2026-01-08 12:06:16:178 [6ae95de6][ADB] Running '/opt/homebrew/Caskroom/android-platform-tools/36.0.2/platform-tools/adb -P 5037 reconnect offline'
2026-01-08 12:06:16:394 [6ae95de6][ADB] Getting connected devices
2026-01-08 12:06:16:417 [6ae95de6][ADB] No connected devices have been detected
2026-01-08 12:06:16:417 [6ae95de6][ADB] Could not find online devices
2026-01-08 12:06:16:417 [6ae95de6][ADB] Reconnecting adb (target offline)
2026-01-08 12:06:16:417 [6ae95de6][ADB] Running '/opt/homebrew/Caskroom/android-platform-tools/36.0.2/platform-tools/adb -P 5037 reconnect offline'
2026-01-08 12:06:16:633 [6ae95de6][ADB] Getting connected devices
2026-01-08 12:06:16:657 [6ae95de6][ADB] No connected devices have been detected
2026-01-08 12:06:16:657 [6ae95de6][ADB] Could not find online devices
2026-01-08 12:06:16:657 [6ae95de6][ADB] Reconnecting adb (target offline)
2026-01-08 12:06:16:657 [6ae95de6][ADB] Running '/opt/homebrew/Caskroom/android-platform-tools/36.0.2/platform-tools/adb -P 5037 reconnect offline'
2026-01-08 12:06:16:873 [6ae95de6][ADB] Getting connected devices
2026-01-08 12:06:16:886 [6ae95de6][ADB] No connected devices have been detected
2026-01-08 12:06:16:886 [6ae95de6][ADB] Could not find online devices
2026-01-08 12:06:16:886 [6ae95de6][ADB] Reconnecting adb (target offline)
2026-01-08 12:06:16:886 [6ae95de6][ADB] Running '/opt/homebrew/Caskroom/android-platform-tools/36.0.2/platform-tools/adb -P 5037 reconnect offline'
2026-01-08 12:06:17:099 [6ae95de6][ADB] Getting connected devices
2026-01-08 12:06:17:124 [6ae95de6][ADB] No connected devices have been detected
2026-01-08 12:06:17:124 [6ae95de6][ADB] Could not find online devices
2026-01-08 12:06:17:124 [6ae95de6][ADB] Reconnecting adb (target offline)
2026-01-08 12:06:17:124 [6ae95de6][ADB] Running '/opt/homebrew/Caskroom/android-platform-tools/36.0.2/platform-tools/adb -P 5037 reconnect offline'
2026-01-08 12:06:17:340 [6ae95de6][ADB] Getting connected devices
2026-01-08 12:06:17:364 [6ae95de6][ADB] No connected devices have been detected
2026-01-08 12:06:17:364 [6ae95de6][ADB] Could not find online devices
2026-01-08 12:06:17:364 [6ae95de6][ADB] Reconnecting adb (target offline)
2026-01-08 12:06:17:364 [6ae95de6][ADB] Running '/opt/homebrew/Caskroom/android-platform-tools/36.0.2/platform-tools/adb -P 5037 reconnect offline'
2026-01-08 12:06:17:581 [6ae95de6][ADB] Getting connected devices
2026-01-08 12:06:17:604 [6ae95de6][ADB] No connected devices have been detected
2026-01-08 12:06:17:605 [6ae95de6][ADB] Could not find online devices
2026-01-08 12:06:17:605 [6ae95de6][ADB] Reconnecting adb (target offline)
2026-01-08 12:06:17:605 [6ae95de6][ADB] Running '/opt/homebrew/Caskroom/android-platform-tools/36.0.2/platform-tools/adb -P 5037 reconnect offline'
2026-01-08 12:06:17:821 [6ae95de6][ADB] Getting connected devices
2026-01-08 12:06:17:851 [6ae95de6][ADB] No connected devices have been detected
2026-01-08 12:06:17:851 [6ae95de6][ADB] Could not find online devices
2026-01-08 12:06:17:851 [6ae95de6][ADB] Reconnecting adb (target offline)
2026-01-08 12:06:17:851 [6ae95de6][ADB] Running '/opt/homebrew/Caskroom/android-platform-tools/36.0.2/platform-tools/adb -P 5037 reconnect offline'
2026-01-08 12:06:18:066 [6ae95de6][ADB] Getting connected devices
2026-01-08 12:06:18:088 [6ae95de6][ADB] No connected devices have been detected
2026-01-08 12:06:18:088 [6ae95de6][ADB] Could not find online devices
2026-01-08 12:06:18:088 [6ae95de6][ADB] Reconnecting adb (target offline)
2026-01-08 12:06:18:088 [6ae95de6][ADB] Running '/opt/homebrew/Caskroom/android-platform-tools/36.0.2/platform-tools/adb -P 5037 reconnect offline'
2026-01-08 12:06:18:303 [6ae95de6][ADB] Getting connected devices
2026-01-08 12:06:18:330 [6ae95de6][ADB] No connected devices have been detected
2026-01-08 12:06:18:330 [6ae95de6][ADB] Could not find online devices
2026-01-08 12:06:18:330 [6ae95de6][ADB] Reconnecting adb (target offline)
2026-01-08 12:06:18:330 [6ae95de6][ADB] Running '/opt/homebrew/Caskroom/android-platform-tools/36.0.2/platform-tools/adb -P 5037 reconnect offline'
2026-01-08 12:06:18:546 [6ae95de6][ADB] Getting connected devices
2026-01-08 12:06:18:568 [6ae95de6][ADB] No connected devices have been detected
2026-01-08 12:06:18:568 [6ae95de6][ADB] Could not find online devices
2026-01-08 12:06:18:568 [6ae95de6][ADB] Reconnecting adb (target offline)
2026-01-08 12:06:18:568 [6ae95de6][ADB] Running '/opt/homebrew/Caskroom/android-platform-tools/36.0.2/platform-tools/adb -P 5037 reconnect offline'
2026-01-08 12:06:18:784 [6ae95de6][ADB] Getting connected devices
2026-01-08 12:06:18:806 [6ae95de6][ADB] No connected devices have been detected
2026-01-08 12:06:18:806 [6ae95de6][ADB] Could not find online devices
2026-01-08 12:06:18:806 [6ae95de6][ADB] Reconnecting adb (target offline)
2026-01-08 12:06:18:806 [6ae95de6][ADB] Running '/opt/homebrew/Caskroom/android-platform-tools/36.0.2/platform-tools/adb -P 5037 reconnect offline'
2026-01-08 12:06:19:021 [6ae95de6][ADB] Getting connected devices
2026-01-08 12:06:19:045 [6ae95de6][ADB] No connected devices have been detected
2026-01-08 12:06:19:045 [6ae95de6][ADB] Could not find online devices
2026-01-08 12:06:19:045 [6ae95de6][ADB] Reconnecting adb (target offline)
2026-01-08 12:06:19:045 [6ae95de6][ADB] Running '/opt/homebrew/Caskroom/android-platform-tools/36.0.2/platform-tools/adb -P 5037 reconnect offline'
2026-01-08 12:06:19:261 [6ae95de6][ADB] Getting connected devices
2026-01-08 12:06:19:285 [6ae95de6][ADB] No connected devices have been detected
2026-01-08 12:06:19:285 [6ae95de6][ADB] Could not find online devices
2026-01-08 12:06:19:285 [6ae95de6][ADB] Reconnecting adb (target offline)
2026-01-08 12:06:19:285 [6ae95de6][ADB] Running '/opt/homebrew/Caskroom/android-platform-tools/36.0.2/platform-tools/adb -P 5037 reconnect offline'
2026-01-08 12:06:19:514 [6ae95de6][ADB] Getting connected devices
2026-01-08 12:06:19:564 [6ae95de6][ADB] No connected devices have been detected
2026-01-08 12:06:19:565 [6ae95de6][ADB] Could not find online devices
2026-01-08 12:06:19:566 [6ae95de6][ADB] Reconnecting adb (target offline)
2026-01-08 12:06:19:566 [6ae95de6][ADB] Running '/opt/homebrew/Caskroom/android-platform-tools/36.0.2/platform-tools/adb -P 5037 reconnect offline'
2026-01-08 12:06:19:784 [6ae95de6][ADB] Getting connected devices
2026-01-08 12:06:19:796 [6ae95de6][ADB] No connected devices have been detected
2026-01-08 12:06:19:796 [6ae95de6][ADB] Could not find online devices
2026-01-08 12:06:19:796 [6ae95de6][ADB] Reconnecting adb (target offline)
2026-01-08 12:06:19:796 [6ae95de6][ADB] Running '/opt/homebrew/Caskroom/android-platform-tools/36.0.2/platform-tools/adb -P 5037 reconnect offline'
2026-01-08 12:06:20:007 [6ae95de6][ADB] Getting connected devices
2026-01-08 12:06:20:022 [6ae95de6][ADB] No connected devices have been detected
2026-01-08 12:06:20:022 [6ae95de6][ADB] Could not find online devices
2026-01-08 12:06:20:022 [6ae95de6][ADB] Reconnecting adb (target offline)
2026-01-08 12:06:20:022 [6ae95de6][ADB] Running '/opt/homebrew/Caskroom/android-platform-tools/36.0.2/platform-tools/adb -P 5037 reconnect offline'
2026-01-08 12:06:20:233 [6ae95de6][ADB] Getting connected devices
2026-01-08 12:06:20:252 [6ae95de6][ADB] No connected devices have been detected
2026-01-08 12:06:20:252 [6ae95de6][ADB] Could not find online devices
2026-01-08 12:06:20:252 [6ae95de6][ADB] Reconnecting adb (target offline)
2026-01-08 12:06:20:252 [6ae95de6][ADB] Running '/opt/homebrew/Caskroom/android-platform-tools/36.0.2/platform-tools/adb -P 5037 reconnect offline'
2026-01-08 12:06:20:468 [6ae95de6][ADB] Getting connected devices
2026-01-08 12:06:20:485 [6ae95de6][ADB] No connected devices have been detected
2026-01-08 12:06:20:485 [6ae95de6][ADB] Could not find online devices
2026-01-08 12:06:20:485 [6ae95de6][ADB] Reconnecting adb (target offline)
2026-01-08 12:06:20:485 [6ae95de6][ADB] Running '/opt/homebrew/Caskroom/android-platform-tools/36.0.2/platform-tools/adb -P 5037 reconnect offline'
2026-01-08 12:06:20:697 [6ae95de6][ADB] Getting connected devices
2026-01-08 12:06:20:719 [6ae95de6][ADB] No connected devices have been detected
2026-01-08 12:06:20:719 [6ae95de6][ADB] Could not find online devices
2026-01-08 12:06:20:719 [6ae95de6][ADB] Reconnecting adb (target offline)
2026-01-08 12:06:20:719 [6ae95de6][ADB] Running '/opt/homebrew/Caskroom/android-platform-tools/36.0.2/platform-tools/adb -P 5037 reconnect offline'
2026-01-08 12:06:20:934 [6ae95de6][ADB] Getting connected devices
2026-01-08 12:06:20:956 [6ae95de6][ADB] No connected devices have been detected
2026-01-08 12:06:20:956 [6ae95de6][ADB] Could not find online devices
2026-01-08 12:06:20:956 [6ae95de6][ADB] Reconnecting adb (target offline)
2026-01-08 12:06:20:956 [6ae95de6][ADB] Running '/opt/homebrew/Caskroom/android-platform-tools/36.0.2/platform-tools/adb -P 5037 reconnect offline'
2026-01-08 12:06:21:171 [6ae95de6][ADB] Getting connected devices
2026-01-08 12:06:21:193 [6ae95de6][ADB] No connected devices have been detected
2026-01-08 12:06:21:193 [6ae95de6][ADB] Could not find online devices
2026-01-08 12:06:21:193 [6ae95de6][ADB] Reconnecting adb (target offline)
2026-01-08 12:06:21:193 [6ae95de6][ADB] Running '/opt/homebrew/Caskroom/android-platform-tools/36.0.2/platform-tools/adb -P 5037 reconnect offline'
2026-01-08 12:06:21:410 [6ae95de6][ADB] Getting connected devices
2026-01-08 12:06:21:438 [6ae95de6][ADB] No connected devices have been detected
2026-01-08 12:06:21:439 [6ae95de6][ADB] Could not find online devices
2026-01-08 12:06:21:439 [6ae95de6][ADB] Reconnecting adb (target offline)
2026-01-08 12:06:21:439 [6ae95de6][ADB] Running '/opt/homebrew/Caskroom/android-platform-tools/36.0.2/platform-tools/adb -P 5037 reconnect offline'
2026-01-08 12:06:21:655 [6ae95de6][ADB] Getting connected devices
2026-01-08 12:06:21:678 [6ae95de6][ADB] No connected devices have been detected
2026-01-08 12:06:21:678 [6ae95de6][ADB] Could not find online devices
2026-01-08 12:06:21:678 [6ae95de6][ADB] Reconnecting adb (target offline)
2026-01-08 12:06:21:678 [6ae95de6][ADB] Running '/opt/homebrew/Caskroom/android-platform-tools/36.0.2/platform-tools/adb -P 5037 reconnect offline'
2026-01-08 12:06:21:893 [6ae95de6][ADB] Getting connected devices
2026-01-08 12:06:21:909 [6ae95de6][ADB] No connected devices have been detected
2026-01-08 12:06:21:909 [6ae95de6][ADB] Could not find online devices
2026-01-08 12:06:21:909 [6ae95de6][ADB] Reconnecting adb (target offline)
2026-01-08 12:06:21:909 [6ae95de6][ADB] Running '/opt/homebrew/Caskroom/android-platform-tools/36.0.2/platform-tools/adb -P 5037 reconnect offline'
2026-01-08 12:06:22:124 [6ae95de6][ADB] Getting connected devices
2026-01-08 12:06:22:149 [6ae95de6][ADB] No connected devices have been detected
2026-01-08 12:06:22:149 [6ae95de6][ADB] Could not find online devices
2026-01-08 12:06:22:149 [6ae95de6][ADB] Reconnecting adb (target offline)
2026-01-08 12:06:22:149 [6ae95de6][ADB] Running '/opt/homebrew/Caskroom/android-platform-tools/36.0.2/platform-tools/adb -P 5037 reconnect offline'
2026-01-08 12:06:22:365 [6ae95de6][ADB] Getting connected devices
2026-01-08 12:06:22:393 [6ae95de6][ADB] No connected devices have been detected
2026-01-08 12:06:22:393 [6ae95de6][ADB] Could not find online devices
2026-01-08 12:06:22:393 [6ae95de6][ADB] Reconnecting adb (target offline)
2026-01-08 12:06:22:393 [6ae95de6][ADB] Running '/opt/homebrew/Caskroom/android-platform-tools/36.0.2/platform-tools/adb -P 5037 reconnect offline'
2026-01-08 12:06:22:611 [6ae95de6][ADB] Getting connected devices
2026-01-08 12:06:22:637 [6ae95de6][ADB] No connected devices have been detected
2026-01-08 12:06:22:637 [6ae95de6][ADB] Could not find online devices
2026-01-08 12:06:22:637 [6ae95de6][ADB] Reconnecting adb (target offline)
2026-01-08 12:06:22:637 [6ae95de6][ADB] Running '/opt/homebrew/Caskroom/android-platform-tools/36.0.2/platform-tools/adb -P 5037 reconnect offline'
2026-01-08 12:06:22:854 [6ae95de6][ADB] Getting connected devices
2026-01-08 12:06:22:879 [6ae95de6][ADB] No connected devices have been detected
2026-01-08 12:06:22:880 [6ae95de6][ADB] Could not find online devices
2026-01-08 12:06:22:880 [6ae95de6][ADB] Reconnecting adb (target offline)
2026-01-08 12:06:22:880 [6ae95de6][ADB] Running '/opt/homebrew/Caskroom/android-platform-tools/36.0.2/platform-tools/adb -P 5037 reconnect offline'
2026-01-08 12:06:23:097 [6ae95de6][ADB] Getting connected devices
2026-01-08 12:06:23:119 [6ae95de6][ADB] No connected devices have been detected
2026-01-08 12:06:23:119 [6ae95de6][ADB] Could not find online devices
2026-01-08 12:06:23:119 [6ae95de6][ADB] Reconnecting adb (target offline)
2026-01-08 12:06:23:119 [6ae95de6][ADB] Running '/opt/homebrew/Caskroom/android-platform-tools/36.0.2/platform-tools/adb -P 5037 reconnect offline'
2026-01-08 12:06:23:336 [6ae95de6][ADB] Getting connected devices
2026-01-08 12:06:23:352 [6ae95de6][ADB] No connected devices have been detected
2026-01-08 12:06:23:352 [6ae95de6][ADB] Could not find online devices
2026-01-08 12:06:23:352 [6ae95de6][ADB] Reconnecting adb (target offline)
2026-01-08 12:06:23:352 [6ae95de6][ADB] Running '/opt/homebrew/Caskroom/android-platform-tools/36.0.2/platform-tools/adb -P 5037 reconnect offline'
2026-01-08 12:06:23:566 [6ae95de6][ADB] Getting connected devices
2026-01-08 12:06:23:591 [6ae95de6][ADB] No connected devices have been detected
2026-01-08 12:06:23:592 [6ae95de6][ADB] Could not find online devices
2026-01-08 12:06:23:592 [6ae95de6][ADB] Reconnecting adb (target offline)
2026-01-08 12:06:23:592 [6ae95de6][ADB] Running '/opt/homebrew/Caskroom/android-platform-tools/36.0.2/platform-tools/adb -P 5037 reconnect offline'
2026-01-08 12:06:23:808 [6ae95de6][ADB] Getting connected devices
2026-01-08 12:06:23:833 [6ae95de6][ADB] No connected devices have been detected
2026-01-08 12:06:23:833 [6ae95de6][ADB] Could not find online devices
2026-01-08 12:06:23:833 [6ae95de6][ADB] Reconnecting adb (target offline)
2026-01-08 12:06:23:833 [6ae95de6][ADB] Running '/opt/homebrew/Caskroom/android-platform-tools/36.0.2/platform-tools/adb -P 5037 reconnect offline'
2026-01-08 12:06:24:049 [6ae95de6][ADB] Getting connected devices
2026-01-08 12:06:24:075 [6ae95de6][ADB] No connected devices have been detected
2026-01-08 12:06:24:075 [6ae95de6][ADB] Could not find online devices
2026-01-08 12:06:24:075 [6ae95de6][ADB] Reconnecting adb (target offline)
2026-01-08 12:06:24:075 [6ae95de6][ADB] Running '/opt/homebrew/Caskroom/android-platform-tools/36.0.2/platform-tools/adb -P 5037 reconnect offline'
2026-01-08 12:06:24:291 [6ae95de6][ADB] Getting connected devices
2026-01-08 12:06:24:314 [6ae95de6][ADB] No connected devices have been detected
2026-01-08 12:06:24:314 [6ae95de6][ADB] Could not find online devices
2026-01-08 12:06:24:314 [6ae95de6][ADB] Reconnecting adb (target offline)
2026-01-08 12:06:24:314 [6ae95de6][ADB] Running '/opt/homebrew/Caskroom/android-platform-tools/36.0.2/platform-tools/adb -P 5037 reconnect offline'
2026-01-08 12:06:24:530 [6ae95de6][ADB] Getting connected devices
2026-01-08 12:06:24:555 [6ae95de6][ADB] No connected devices have been detected
2026-01-08 12:06:24:555 [6ae95de6][ADB] Could not find online devices
2026-01-08 12:06:24:555 [6ae95de6][ADB] Reconnecting adb (target offline)
2026-01-08 12:06:24:555 [6ae95de6][ADB] Running '/opt/homebrew/Caskroom/android-platform-tools/36.0.2/platform-tools/adb -P 5037 reconnect offline'
2026-01-08 12:06:24:771 [6ae95de6][ADB] Getting connected devices
2026-01-08 12:06:24:782 [6ae95de6][ADB] No connected devices have been detected
2026-01-08 12:06:24:782 [6ae95de6][ADB] Could not find online devices
2026-01-08 12:06:24:782 [6ae95de6][ADB] Reconnecting adb (target offline)
2026-01-08 12:06:24:782 [6ae95de6][ADB] Running '/opt/homebrew/Caskroom/android-platform-tools/36.0.2/platform-tools/adb -P 5037 reconnect offline'
2026-01-08 12:06:24:993 [6ae95de6][ADB] Getting connected devices
2026-01-08 12:06:25:017 [6ae95de6][ADB] No connected devices have been detected
2026-01-08 12:06:25:017 [6ae95de6][ADB] Could not find online devices
2026-01-08 12:06:25:017 [6ae95de6][ADB] Reconnecting adb (target offline)
2026-01-08 12:06:25:017 [6ae95de6][ADB] Running '/opt/homebrew/Caskroom/android-platform-tools/36.0.2/platform-tools/adb -P 5037 reconnect offline'
2026-01-08 12:06:25:235 [6ae95de6][ADB] Getting connected devices
2026-01-08 12:06:25:260 [6ae95de6][ADB] No connected devices have been detected
2026-01-08 12:06:25:260 [6ae95de6][ADB] Could not find online devices
2026-01-08 12:06:25:260 [6ae95de6][ADB] Reconnecting adb (target offline)
2026-01-08 12:06:25:260 [6ae95de6][ADB] Running '/opt/homebrew/Caskroom/android-platform-tools/36.0.2/platform-tools/adb -P 5037 reconnect offline'
2026-01-08 12:06:25:476 [6ae95de6][ADB] Getting connected devices
2026-01-08 12:06:25:500 [6ae95de6][ADB] No connected devices have been detected
2026-01-08 12:06:25:500 [6ae95de6][ADB] Could not find online devices
2026-01-08 12:06:25:500 [6ae95de6][ADB] Reconnecting adb (target offline)
2026-01-08 12:06:25:500 [6ae95de6][ADB] Running '/opt/homebrew/Caskroom/android-platform-tools/36.0.2/platform-tools/adb -P 5037 reconnect offline'
2026-01-08 12:06:25:716 [6ae95de6][ADB] Getting connected devices
2026-01-08 12:06:25:737 [6ae95de6][ADB] No connected devices have been detected
2026-01-08 12:06:25:737 [6ae95de6][ADB] Could not find online devices
2026-01-08 12:06:25:737 [6ae95de6][ADB] Reconnecting adb (target offline)
2026-01-08 12:06:25:737 [6ae95de6][ADB] Running '/opt/homebrew/Caskroom/android-platform-tools/36.0.2/platform-tools/adb -P 5037 reconnect offline'
2026-01-08 12:06:25:952 [6ae95de6][ADB] Getting connected devices
2026-01-08 12:06:25:965 [6ae95de6][ADB] No connected devices have been detected
2026-01-08 12:06:25:965 [6ae95de6][ADB] Could not find online devices
2026-01-08 12:06:25:965 [6ae95de6][ADB] Reconnecting adb (target offline)
2026-01-08 12:06:25:965 [6ae95de6][ADB] Running '/opt/homebrew/Caskroom/android-platform-tools/36.0.2/platform-tools/adb -P 5037 reconnect offline'
2026-01-08 12:06:26:178 [6ae95de6][ADB] Getting connected devices
2026-01-08 12:06:26:195 [6ae95de6][ADB] No connected devices have been detected
2026-01-08 12:06:26:195 [6ae95de6][ADB] Could not find online devices
2026-01-08 12:06:26:195 [6ae95de6][ADB] Reconnecting adb (target offline)
2026-01-08 12:06:26:195 [6ae95de6][ADB] Running '/opt/homebrew/Caskroom/android-platform-tools/36.0.2/platform-tools/adb -P 5037 reconnect offline'
2026-01-08 12:06:26:410 [6ae95de6][ADB] Getting connected devices
2026-01-08 12:06:26:432 [6ae95de6][ADB] No connected devices have been detected
2026-01-08 12:06:26:432 [6ae95de6][ADB] Could not find online devices
2026-01-08 12:06:26:432 [6ae95de6][ADB] Reconnecting adb (target offline)
2026-01-08 12:06:26:432 [6ae95de6][ADB] Running '/opt/homebrew/Caskroom/android-platform-tools/36.0.2/platform-tools/adb -P 5037 reconnect offline'
2026-01-08 12:06:26:648 [6ae95de6][ADB] Getting connected devices
2026-01-08 12:06:26:662 [6ae95de6][ADB] No connected devices have been detected
2026-01-08 12:06:26:662 [6ae95de6][ADB] Could not find online devices
2026-01-08 12:06:26:662 [6ae95de6][ADB] Reconnecting adb (target offline)
2026-01-08 12:06:26:662 [6ae95de6][ADB] Running '/opt/homebrew/Caskroom/android-platform-tools/36.0.2/platform-tools/adb -P 5037 reconnect offline'
2026-01-08 12:06:26:874 [6ae95de6][ADB] Getting connected devices
2026-01-08 12:06:26:887 [6ae95de6][ADB] No connected devices have been detected
2026-01-08 12:06:26:887 [6ae95de6][ADB] Could not find online devices
2026-01-08 12:06:26:887 [6ae95de6][ADB] Reconnecting adb (target offline)
2026-01-08 12:06:26:888 [6ae95de6][ADB] Running '/opt/homebrew/Caskroom/android-platform-tools/36.0.2/platform-tools/adb -P 5037 reconnect offline'
2026-01-08 12:06:27:100 [6ae95de6][ADB] Getting connected devices
2026-01-08 12:06:27:115 [6ae95de6][ADB] No connected devices have been detected
2026-01-08 12:06:27:115 [6ae95de6][ADB] Could not find online devices
2026-01-08 12:06:27:115 [6ae95de6][ADB] Reconnecting adb (target offline)
2026-01-08 12:06:27:115 [6ae95de6][ADB] Running '/opt/homebrew/Caskroom/android-platform-tools/36.0.2/platform-tools/adb -P 5037 reconnect offline'
2026-01-08 12:06:27:329 [6ae95de6][ADB] Getting connected devices
2026-01-08 12:06:27:354 [6ae95de6][ADB] No connected devices have been detected
2026-01-08 12:06:27:354 [6ae95de6][ADB] Could not find online devices
2026-01-08 12:06:27:354 [6ae95de6][ADB] Reconnecting adb (target offline)
2026-01-08 12:06:27:354 [6ae95de6][ADB] Running '/opt/homebrew/Caskroom/android-platform-tools/36.0.2/platform-tools/adb -P 5037 reconnect offline'
2026-01-08 12:06:27:570 [6ae95de6][ADB] Getting connected devices
2026-01-08 12:06:27:592 [6ae95de6][ADB] No connected devices have been detected
2026-01-08 12:06:27:592 [6ae95de6][ADB] Could not find online devices
2026-01-08 12:06:27:592 [6ae95de6][ADB] Reconnecting adb (target offline)
2026-01-08 12:06:27:592 [6ae95de6][ADB] Running '/opt/homebrew/Caskroom/android-platform-tools/36.0.2/platform-tools/adb -P 5037 reconnect offline'
2026-01-08 12:06:27:807 [6ae95de6][ADB] Getting connected devices
2026-01-08 12:06:27:829 [6ae95de6][ADB] No connected devices have been detected
2026-01-08 12:06:27:829 [6ae95de6][ADB] Could not find online devices
2026-01-08 12:06:27:829 [6ae95de6][ADB] Reconnecting adb (target offline)
2026-01-08 12:06:27:829 [6ae95de6][ADB] Running '/opt/homebrew/Caskroom/android-platform-tools/36.0.2/platform-tools/adb -P 5037 reconnect offline'
2026-01-08 12:06:28:044 [6ae95de6][ADB] Getting connected devices
2026-01-08 12:06:28:062 [6ae95de6][ADB] No connected devices have been detected
2026-01-08 12:06:28:062 [6ae95de6][ADB] Could not find online devices
2026-01-08 12:06:28:062 [6ae95de6][ADB] Reconnecting adb (target offline)
2026-01-08 12:06:28:062 [6ae95de6][ADB] Running '/opt/homebrew/Caskroom/android-platform-tools/36.0.2/platform-tools/adb -P 5037 reconnect offline'
2026-01-08 12:06:28:276 [6ae95de6][ADB] Getting connected devices
2026-01-08 12:06:28:304 [6ae95de6][ADB] No connected devices have been detected
2026-01-08 12:06:28:304 [6ae95de6][ADB] Could not find online devices
2026-01-08 12:06:28:304 [6ae95de6][ADB] Reconnecting adb (target offline)
2026-01-08 12:06:28:304 [6ae95de6][ADB] Running '/opt/homebrew/Caskroom/android-platform-tools/36.0.2/platform-tools/adb -P 5037 reconnect offline'
2026-01-08 12:06:28:524 [6ae95de6][ADB] Getting connected devices
2026-01-08 12:06:28:537 [6ae95de6][ADB] No connected devices have been detected
2026-01-08 12:06:28:537 [6ae95de6][ADB] Could not find online devices
2026-01-08 12:06:28:537 [6ae95de6][ADB] Reconnecting adb (target offline)
2026-01-08 12:06:28:537 [6ae95de6][ADB] Running '/opt/homebrew/Caskroom/android-platform-tools/36.0.2/platform-tools/adb -P 5037 reconnect offline'
2026-01-08 12:06:28:750 [6ae95de6][ADB] Getting connected devices
2026-01-08 12:06:28:767 [6ae95de6][ADB] No connected devices have been detected
2026-01-08 12:06:28:767 [6ae95de6][ADB] Could not find online devices
2026-01-08 12:06:28:767 [6ae95de6][ADB] Reconnecting adb (target offline)
2026-01-08 12:06:28:767 [6ae95de6][ADB] Running '/opt/homebrew/Caskroom/android-platform-tools/36.0.2/platform-tools/adb -P 5037 reconnect offline'
2026-01-08 12:06:28:980 [6ae95de6][ADB] Getting connected devices
2026-01-08 12:06:28:994 [6ae95de6][ADB] No connected devices have been detected
2026-01-08 12:06:28:994 [6ae95de6][ADB] Could not find online devices
2026-01-08 12:06:28:994 [6ae95de6][ADB] Reconnecting adb (target offline)
2026-01-08 12:06:28:994 [6ae95de6][ADB] Running '/opt/homebrew/Caskroom/android-platform-tools/36.0.2/platform-tools/adb -P 5037 reconnect offline'
2026-01-08 12:06:29:207 [6ae95de6][ADB] Getting connected devices
2026-01-08 12:06:29:218 [6ae95de6][ADB] No connected devices have been detected
2026-01-08 12:06:29:219 [6ae95de6][ADB] Could not find online devices
2026-01-08 12:06:29:219 [6ae95de6][ADB] Reconnecting adb (target offline)
2026-01-08 12:06:29:219 [6ae95de6][ADB] Running '/opt/homebrew/Caskroom/android-platform-tools/36.0.2/platform-tools/adb -P 5037 reconnect offline'
2026-01-08 12:06:29:430 [6ae95de6][ADB] Getting connected devices
2026-01-08 12:06:29:450 [6ae95de6][ADB] No connected devices have been detected
2026-01-08 12:06:29:451 [6ae95de6][ADB] Could not find online devices
2026-01-08 12:06:29:451 [6ae95de6][ADB] Reconnecting adb (target offline)
2026-01-08 12:06:29:451 [6ae95de6][ADB] Running '/opt/homebrew/Caskroom/android-platform-tools/36.0.2/platform-tools/adb -P 5037 reconnect offline'
2026-01-08 12:06:29:666 [6ae95de6][ADB] Getting connected devices
2026-01-08 12:06:29:680 [6ae95de6][ADB] No connected devices have been detected
2026-01-08 12:06:29:680 [6ae95de6][ADB] Could not find online devices
2026-01-08 12:06:29:680 [6ae95de6][ADB] Reconnecting adb (target offline)
2026-01-08 12:06:29:680 [6ae95de6][ADB] Running '/opt/homebrew/Caskroom/android-platform-tools/36.0.2/platform-tools/adb -P 5037 reconnect offline'
2026-01-08 12:06:29:894 [6ae95de6][ADB] Getting connected devices
2026-01-08 12:06:29:909 [6ae95de6][ADB] No connected devices have been detected
2026-01-08 12:06:29:909 [6ae95de6][ADB] Could not find online devices
2026-01-08 12:06:29:909 [6ae95de6][ADB] Reconnecting adb (target offline)
2026-01-08 12:06:29:909 [6ae95de6][ADB] Running '/opt/homebrew/Caskroom/android-platform-tools/36.0.2/platform-tools/adb -P 5037 reconnect offline'
2026-01-08 12:06:30:123 [6ae95de6][ADB] Getting connected devices
2026-01-08 12:06:30:140 [6ae95de6][ADB] No connected devices have been detected
2026-01-08 12:06:30:140 [6ae95de6][ADB] Could not find online devices
2026-01-08 12:06:30:140 [6ae95de6][ADB] Reconnecting adb (target offline)
2026-01-08 12:06:30:140 [6ae95de6][ADB] Running '/opt/homebrew/Caskroom/android-platform-tools/36.0.2/platform-tools/adb -P 5037 reconnect offline'
2026-01-08 12:06:30:355 [6ae95de6][ADB] Getting connected devices
2026-01-08 12:06:30:377 [6ae95de6][ADB] No connected devices have been detected
2026-01-08 12:06:30:377 [6ae95de6][ADB] Could not find online devices
2026-01-08 12:06:30:377 [6ae95de6][ADB] Reconnecting adb (target offline)
2026-01-08 12:06:30:377 [6ae95de6][ADB] Running '/opt/homebrew/Caskroom/android-platform-tools/36.0.2/platform-tools/adb -P 5037 reconnect offline'
2026-01-08 12:06:30:593 [6ae95de6][ADB] Getting connected devices
2026-01-08 12:06:30:614 [6ae95de6][ADB] No connected devices have been detected
2026-01-08 12:06:30:614 [6ae95de6][ADB] Could not find online devices
2026-01-08 12:06:30:614 [6ae95de6][ADB] Reconnecting adb (target offline)
2026-01-08 12:06:30:614 [6ae95de6][ADB] Running '/opt/homebrew/Caskroom/android-platform-tools/36.0.2/platform-tools/adb -P 5037 reconnect offline'
2026-01-08 12:06:30:830 [6ae95de6][ADB] Getting connected devices
2026-01-08 12:06:30:848 [6ae95de6][ADB] No connected devices have been detected
2026-01-08 12:06:30:848 [6ae95de6][ADB] Could not find online devices
2026-01-08 12:06:30:848 [6ae95de6][ADB] Reconnecting adb (target offline)
2026-01-08 12:06:30:848 [6ae95de6][ADB] Running '/opt/homebrew/Caskroom/android-platform-tools/36.0.2/platform-tools/adb -P 5037 reconnect offline'
2026-01-08 12:06:31:064 [6ae95de6][ADB] Getting connected devices
2026-01-08 12:06:31:087 [6ae95de6][ADB] No connected devices have been detected
2026-01-08 12:06:31:087 [6ae95de6][ADB] Could not find online devices
2026-01-08 12:06:31:087 [6ae95de6][ADB] Reconnecting adb (target offline)
2026-01-08 12:06:31:087 [6ae95de6][ADB] Running '/opt/homebrew/Caskroom/android-platform-tools/36.0.2/platform-tools/adb -P 5037 reconnect offline'
2026-01-08 12:06:31:194 [6ae95de6][ADB] Getting connected devices
2026-01-08 12:06:31:210 [6ae95de6][ADB] No connected devices have been detected
2026-01-08 12:06:31:210 [6ae95de6][ADB] Could not find online devices
2026-01-08 12:06:31:210 [6ae95de6][ADB] Reconnecting adb (target offline)
2026-01-08 12:06:31:210 [6ae95de6][ADB] Running '/opt/homebrew/Caskroom/android-platform-tools/36.0.2/platform-tools/adb -P 5037 reconnect offline'
2026-01-08 12:06:31:224 [6ae95de6][38;5;-101m[AndroidUiautomator2Driver@8141] Deleting UiAutomator2 session
2026-01-08 12:06:31:224 [6ae95de6][38;5;-101m[AndroidUiautomator2Driver@8141] Unable to stop ChromeDriver proxies: Cannot read properties of undefined (reading 'proxyReqRes')
2026-01-08 12:06:31:224 [6ae95de6][AppiumDriver@eb75] Event 'newSessionStarted' logged at 1767873991224 (14:06:31 GMT+0200 (Israel Standard Time))
2026-01-08 12:06:31:225 [6ae95de6][AppiumDriver@eb75] Encountered internal error running command: Error: Could not find a connected Android device in 20000ms
    at ADB.getDevicesWithRetry (/Users/eladyerushalmi/.appium/node_modules/appium-uiautomator2-driver/node_modules/appium-adb/lib/tools/system-calls.js:332:13)
    at Object.getDeviceInfoFromCaps (/Users/eladyerushalmi/.appium/node_modules/appium-uiautomator2-driver/node_modules/appium-android-driver/lib/helpers/android.ts:378:23)
    at AndroidUiautomator2Driver.startUiAutomator2Session (/Users/eladyerushalmi/.appium/node_modules/appium-uiautomator2-driver/lib/driver.ts:425:28)
    at AndroidUiautomator2Driver.createSession (/Users/eladyerushalmi/.appium/node_modules/appium-uiautomator2-driver/lib/driver.ts:299:22)
    at AppiumDriver.createSession (/Users/eladyerushalmi/.nvm/versions/node/v22.4.0/lib/node_modules/appium/lib/appium.js:379:35)
2026-01-08 12:06:31:225 [6ae95de6][HTTP] <-- POST /session 500 20076 ms - 680 
2026-01-08 12:06:31:250 [HTTP] Request idempotency key: 03ad2867-7002-49d7-b489-53daf6fc1115
2026-01-08 12:06:31:251 [HTTP] --> POST /session {"capabilities":{"firstMatch":[{"appium:noReset":false,"appium:appActivity":"com.saucelabs.mydemoapp.android.view.activities.SplashActivity","appium:deviceName":"emulator-5554","platformName":"ANDROID","appium:automationName":"UiAutomator2","appium:fullReset":false,"appium:app":"/Users/eladyerushalmi/Documents/sauce-sample-app-mobile-automation/src/test/resources/apps/mda.apk","appium:appPackage":"com.saucelabs.mydemoapp.android"}]}}
2026-01-08 12:06:31:251 [AppiumDriver@eb75] Calling AppiumDriver.createSession() with args: [null,null,{"firstMatch":[{"appium:noReset":false,"appium:appActivity":"com.saucelabs.mydemoapp.android.view.activities.SplashActivity","appium:deviceName":"emulator-5554","platformName":"ANDROID","appium:automationName":"UiAutomator2","appium:fullReset":false,"appium:app":"/Users/eladyerushalmi/Documents/sauce-sample-app-mobile-automation/src/test/resources/apps/mda.apk","appium:appPackage":"com.saucelabs.mydemoapp.android"}]}]
2026-01-08 12:06:31:251 [AppiumDriver@eb75] Event 'newSessionRequested' logged at 1767873991251 (14:06:31 GMT+0200 (Israel Standard Time))
2026-01-08 12:06:31:252 [Appium] Attempting to find matching driver for automationName 'UiAutomator2' and platformName 'ANDROID'
2026-01-08 12:06:31:252 [Appium] The 'uiautomator2' driver was installed and matched caps.
2026-01-08 12:06:31:252 [Appium] Will require it at /Users/eladyerushalmi/.appium/node_modules/appium-uiautomator2-driver
2026-01-08 12:06:31:253 [Appium] Requiring driver at /Users/eladyerushalmi/.appium/node_modules/appium-uiautomator2-driver/build/index.js
2026-01-08 12:06:31:253 [AppiumDriver@eb75] Appium v2.19.0 creating new AndroidUiautomator2Driver (v2.42.1) session
2026-01-08 12:06:31:253 [AppiumDriver@eb75] Checking BaseDriver versions for Appium and AndroidUiautomator2Driver
2026-01-08 12:06:31:253 [AppiumDriver@eb75] Appium's BaseDriver version is 9.18.0
2026-01-08 12:06:31:253 [AppiumDriver@eb75] AndroidUiautomator2Driver's BaseDriver version is 9.18.0
2026-01-08 12:06:31:253 [38;5;-70m[AndroidUiautomator2Driver@94ce] 
2026-01-08 12:06:31:253 [38;5;-70m[AndroidUiautomator2Driver@94ce] Creating session with W3C capabilities: {
  "alwaysMatch": {
    "platformName": "ANDROID",
    "appium:noReset": false,
    "appium:appActivity": "com.saucelabs.mydemoapp.android.view.activities.SplashActivity",
    "appium:deviceName": "emulator-5554",
    "appium:automationName": "UiAutomator2",
    "appium:fullReset": false,
    "appium:app": "/Users/eladyerushalmi/Documents/sauce-sample-app-mobile-automation/src/test/resources/apps/mda.apk",
    "appium:appPackage": "com.saucelabs.mydemoapp.android"
  },
  "firstMatch": [
    {}
  ]
}
2026-01-08 12:06:31:255 [d420253c][38;5;-70m[AndroidUiautomator2Driver@94ce] Session created with session id: d420253c-e572-4e6e-bc92-98ff752e79e3
2026-01-08 12:06:31:255 [d420253c][BaseDriver] Using local app '/Users/eladyerushalmi/Documents/sauce-sample-app-mobile-automation/src/test/resources/apps/mda.apk'
2026-01-08 12:06:31:284 [d420253c][38;5;-70m[AndroidUiautomator2Driver@94ce] Checking whether app is actually present
2026-01-08 12:06:31:285 [d420253c][ADB] Using 'adb' from '/opt/homebrew/Caskroom/android-platform-tools/36.0.2/platform-tools/adb'
2026-01-08 12:06:31:285 [d420253c][ADB] Running '/opt/homebrew/Caskroom/android-platform-tools/36.0.2/platform-tools/adb -P 5037 start-server'
2026-01-08 12:06:31:295 [d420253c][AndroidDriver] Retrieving device list
2026-01-08 12:06:31:295 [d420253c][ADB] Trying to find connected Android devices
2026-01-08 12:06:31:296 [d420253c][ADB] Getting connected devices
2026-01-08 12:06:31:305 [d420253c][ADB] No connected devices have been detected
2026-01-08 12:06:31:305 [d420253c][ADB] Could not find online devices
2026-01-08 12:06:31:305 [d420253c][ADB] Reconnecting adb (target offline)
2026-01-08 12:06:31:305 [d420253c][ADB] Running '/opt/homebrew/Caskroom/android-platform-tools/36.0.2/platform-tools/adb -P 5037 reconnect offline'
2026-01-08 12:06:31:515 [d420253c][ADB] Getting connected devices
2026-01-08 12:06:31:532 [d420253c][ADB] No connected devices have been detected
2026-01-08 12:06:31:532 [d420253c][ADB] Could not find online devices
2026-01-08 12:06:31:532 [d420253c][ADB] Reconnecting adb (target offline)
2026-01-08 12:06:31:532 [d420253c][ADB] Running '/opt/homebrew/Caskroom/android-platform-tools/36.0.2/platform-tools/adb -P 5037 reconnect offline'
2026-01-08 12:06:31:746 [d420253c][ADB] Getting connected devices
2026-01-08 12:06:31:768 [d420253c][ADB] No connected devices have been detected
2026-01-08 12:06:31:768 [d420253c][ADB] Could not find online devices
2026-01-08 12:06:31:768 [d420253c][ADB] Reconnecting adb (target offline)
2026-01-08 12:06:31:768 [d420253c][ADB] Running '/opt/homebrew/Caskroom/android-platform-tools/36.0.2/platform-tools/adb -P 5037 reconnect offline'
2026-01-08 12:06:31:983 [d420253c][ADB] Getting connected devices
2026-01-08 12:06:31:999 [d420253c][ADB] No connected devices have been detected
2026-01-08 12:06:31:999 [d420253c][ADB] Could not find online devices
2026-01-08 12:06:31:999 [d420253c][ADB] Reconnecting adb (target offline)
2026-01-08 12:06:31:999 [d420253c][ADB] Running '/opt/homebrew/Caskroom/android-platform-tools/36.0.2/platform-tools/adb -P 5037 reconnect offline'
2026-01-08 12:06:32:214 [d420253c][ADB] Getting connected devices
2026-01-08 12:06:32:233 [d420253c][ADB] No connected devices have been detected
2026-01-08 12:06:32:234 [d420253c][ADB] Could not find online devices
2026-01-08 12:06:32:234 [d420253c][ADB] Reconnecting adb (target offline)
2026-01-08 12:06:32:234 [d420253c][ADB] Running '/opt/homebrew/Caskroom/android-platform-tools/36.0.2/platform-tools/adb -P 5037 reconnect offline'
2026-01-08 12:06:32:448 [d420253c][ADB] Getting connected devices
2026-01-08 12:06:32:464 [d420253c][ADB] No connected devices have been detected
2026-01-08 12:06:32:464 [d420253c][ADB] Could not find online devices
2026-01-08 12:06:32:464 [d420253c][ADB] Reconnecting adb (target offline)
2026-01-08 12:06:32:464 [d420253c][ADB] Running '/opt/homebrew/Caskroom/android-platform-tools/36.0.2/platform-tools/adb -P 5037 reconnect offline'
2026-01-08 12:06:32:677 [d420253c][ADB] Getting connected devices
2026-01-08 12:06:32:688 [d420253c][ADB] No connected devices have been detected
2026-01-08 12:06:32:688 [d420253c][ADB] Could not find online devices
2026-01-08 12:06:32:688 [d420253c][ADB] Reconnecting adb (target offline)
2026-01-08 12:06:32:688 [d420253c][ADB] Running '/opt/homebrew/Caskroom/android-platform-tools/36.0.2/platform-tools/adb -P 5037 reconnect offline'
2026-01-08 12:06:32:899 [d420253c][ADB] Getting connected devices
2026-01-08 12:06:32:916 [d420253c][ADB] No connected devices have been detected
2026-01-08 12:06:32:916 [d420253c][ADB] Could not find online devices
2026-01-08 12:06:32:916 [d420253c][ADB] Reconnecting adb (target offline)
2026-01-08 12:06:32:916 [d420253c][ADB] Running '/opt/homebrew/Caskroom/android-platform-tools/36.0.2/platform-tools/adb -P 5037 reconnect offline'
2026-01-08 12:06:33:129 [d420253c][ADB] Getting connected devices
2026-01-08 12:06:33:145 [d420253c][ADB] No connected devices have been detected
2026-01-08 12:06:33:145 [d420253c][ADB] Could not find online devices
2026-01-08 12:06:33:145 [d420253c][ADB] Reconnecting adb (target offline)
2026-01-08 12:06:33:145 [d420253c][ADB] Running '/opt/homebrew/Caskroom/android-platform-tools/36.0.2/platform-tools/adb -P 5037 reconnect offline'
2026-01-08 12:06:33:359 [d420253c][ADB] Getting connected devices
2026-01-08 12:06:33:379 [d420253c][ADB] No connected devices have been detected
2026-01-08 12:06:33:379 [d420253c][ADB] Could not find online devices
2026-01-08 12:06:33:379 [d420253c][ADB] Reconnecting adb (target offline)
2026-01-08 12:06:33:379 [d420253c][ADB] Running '/opt/homebrew/Caskroom/android-platform-tools/36.0.2/platform-tools/adb -P 5037 reconnect offline'
2026-01-08 12:06:33:595 [d420253c][ADB] Getting connected devices
2026-01-08 12:06:33:619 [d420253c][ADB] No connected devices have been detected
2026-01-08 12:06:33:619 [d420253c][ADB] Could not find online devices
2026-01-08 12:06:33:619 [d420253c][ADB] Reconnecting adb (target offline)
2026-01-08 12:06:33:619 [d420253c][ADB] Running '/opt/homebrew/Caskroom/android-platform-tools/36.0.2/platform-tools/adb -P 5037 reconnect offline'
2026-01-08 12:06:33:836 [d420253c][ADB] Getting connected devices
2026-01-08 12:06:33:858 [d420253c][ADB] No connected devices have been detected
2026-01-08 12:06:33:858 [d420253c][ADB] Could not find online devices
2026-01-08 12:06:33:858 [d420253c][ADB] Reconnecting adb (target offline)
2026-01-08 12:06:33:858 [d420253c][ADB] Running '/opt/homebrew/Caskroom/android-platform-tools/36.0.2/platform-tools/adb -P 5037 reconnect offline'
2026-01-08 12:06:34:074 [d420253c][ADB] Getting connected devices
2026-01-08 12:06:34:099 [d420253c][ADB] No connected devices have been detected
2026-01-08 12:06:34:099 [d420253c][ADB] Could not find online devices
2026-01-08 12:06:34:099 [d420253c][ADB] Reconnecting adb (target offline)
2026-01-08 12:06:34:099 [d420253c][ADB] Running '/opt/homebrew/Caskroom/android-platform-tools/36.0.2/platform-tools/adb -P 5037 reconnect offline'
2026-01-08 12:06:34:316 [d420253c][ADB] Getting connected devices
2026-01-08 12:06:34:339 [d420253c][ADB] No connected devices have been detected
2026-01-08 12:06:34:339 [d420253c][ADB] Could not find online devices
2026-01-08 12:06:34:339 [d420253c][ADB] Reconnecting adb (target offline)
2026-01-08 12:06:34:339 [d420253c][ADB] Running '/opt/homebrew/Caskroom/android-platform-tools/36.0.2/platform-tools/adb -P 5037 reconnect offline'
2026-01-08 12:06:34:555 [d420253c][ADB] Getting connected devices
2026-01-08 12:06:34:575 [d420253c][ADB] No connected devices have been detected
2026-01-08 12:06:34:575 [d420253c][ADB] Could not find online devices
2026-01-08 12:06:34:575 [d420253c][ADB] Reconnecting adb (target offline)
2026-01-08 12:06:34:575 [d420253c][ADB] Running '/opt/homebrew/Caskroom/android-platform-tools/36.0.2/platform-tools/adb -P 5037 reconnect offline'
2026-01-08 12:06:34:789 [d420253c][ADB] Getting connected devices
2026-01-08 12:06:34:799 [d420253c][ADB] No connected devices have been detected
2026-01-08 12:06:34:800 [d420253c][ADB] Could not find online devices
2026-01-08 12:06:34:800 [d420253c][ADB] Reconnecting adb (target offline)
2026-01-08 12:06:34:800 [d420253c][ADB] Running '/opt/homebrew/Caskroom/android-platform-tools/36.0.2/platform-tools/adb -P 5037 reconnect offline'
2026-01-08 12:06:35:011 [d420253c][ADB] Getting connected devices
2026-01-08 12:06:35:038 [d420253c][ADB] No connected devices have been detected
2026-01-08 12:06:35:038 [d420253c][ADB] Could not find online devices
2026-01-08 12:06:35:038 [d420253c][ADB] Reconnecting adb (target offline)
2026-01-08 12:06:35:038 [d420253c][ADB] Running '/opt/homebrew/Caskroom/android-platform-tools/36.0.2/platform-tools/adb -P 5037 reconnect offline'
2026-01-08 12:06:35:260 [d420253c][ADB] Getting connected devices
2026-01-08 12:06:35:283 [d420253c][ADB] No connected devices have been detected
2026-01-08 12:06:35:283 [d420253c][ADB] Could not find online devices
2026-01-08 12:06:35:283 [d420253c][ADB] Reconnecting adb (target offline)
2026-01-08 12:06:35:283 [d420253c][ADB] Running '/opt/homebrew/Caskroom/android-platform-tools/36.0.2/platform-tools/adb -P 5037 reconnect offline'
2026-01-08 12:06:35:499 [d420253c][ADB] Getting connected devices
2026-01-08 12:06:35:521 [d420253c][ADB] No connected devices have been detected
2026-01-08 12:06:35:521 [d420253c][ADB] Could not find online devices
2026-01-08 12:06:35:521 [d420253c][ADB] Reconnecting adb (target offline)
2026-01-08 12:06:35:521 [d420253c][ADB] Running '/opt/homebrew/Caskroom/android-platform-tools/36.0.2/platform-tools/adb -P 5037 reconnect offline'
2026-01-08 12:06:35:738 [d420253c][ADB] Getting connected devices
2026-01-08 12:06:35:757 [d420253c][ADB] No connected devices have been detected
2026-01-08 12:06:35:758 [d420253c][ADB] Could not find online devices
2026-01-08 12:06:35:758 [d420253c][ADB] Reconnecting adb (target offline)
2026-01-08 12:06:35:758 [d420253c][ADB] Running '/opt/homebrew/Caskroom/android-platform-tools/36.0.2/platform-tools/adb -P 5037 reconnect offline'
2026-01-08 12:06:35:972 [d420253c][ADB] Getting connected devices
2026-01-08 12:06:35:992 [d420253c][ADB] No connected devices have been detected
2026-01-08 12:06:35:992 [d420253c][ADB] Could not find online devices
2026-01-08 12:06:35:992 [d420253c][ADB] Reconnecting adb (target offline)
2026-01-08 12:06:35:992 [d420253c][ADB] Running '/opt/homebrew/Caskroom/android-platform-tools/36.0.2/platform-tools/adb -P 5037 reconnect offline'
2026-01-08 12:06:36:208 [d420253c][ADB] Getting connected devices
2026-01-08 12:06:36:230 [d420253c][ADB] No connected devices have been detected
2026-01-08 12:06:36:230 [d420253c][ADB] Could not find online devices
2026-01-08 12:06:36:230 [d420253c][ADB] Reconnecting adb (target offline)
2026-01-08 12:06:36:230 [d420253c][ADB] Running '/opt/homebrew/Caskroom/android-platform-tools/36.0.2/platform-tools/adb -P 5037 reconnect offline'
2026-01-08 12:06:36:447 [d420253c][ADB] Getting connected devices
2026-01-08 12:06:36:470 [d420253c][ADB] No connected devices have been detected
2026-01-08 12:06:36:470 [d420253c][ADB] Could not find online devices
2026-01-08 12:06:36:470 [d420253c][ADB] Reconnecting adb (target offline)
2026-01-08 12:06:36:470 [d420253c][ADB] Running '/opt/homebrew/Caskroom/android-platform-tools/36.0.2/platform-tools/adb -P 5037 reconnect offline'
2026-01-08 12:06:36:688 [d420253c][ADB] Getting connected devices
2026-01-08 12:06:36:705 [d420253c][ADB] No connected devices have been detected
2026-01-08 12:06:36:705 [d420253c][ADB] Could not find online devices
2026-01-08 12:06:36:705 [d420253c][ADB] Reconnecting adb (target offline)
2026-01-08 12:06:36:705 [d420253c][ADB] Running '/opt/homebrew/Caskroom/android-platform-tools/36.0.2/platform-tools/adb -P 5037 reconnect offline'
2026-01-08 12:06:36:919 [d420253c][ADB] Getting connected devices
2026-01-08 12:06:36:933 [d420253c][ADB] No connected devices have been detected
2026-01-08 12:06:36:933 [d420253c][ADB] Could not find online devices
2026-01-08 12:06:36:933 [d420253c][ADB] Reconnecting adb (target offline)
2026-01-08 12:06:36:933 [d420253c][ADB] Running '/opt/homebrew/Caskroom/android-platform-tools/36.0.2/platform-tools/adb -P 5037 reconnect offline'
2026-01-08 12:06:37:146 [d420253c][ADB] Getting connected devices
2026-01-08 12:06:37:166 [d420253c][ADB] No connected devices have been detected
2026-01-08 12:06:37:166 [d420253c][ADB] Could not find online devices
2026-01-08 12:06:37:166 [d420253c][ADB] Reconnecting adb (target offline)
2026-01-08 12:06:37:166 [d420253c][ADB] Running '/opt/homebrew/Caskroom/android-platform-tools/36.0.2/platform-tools/adb -P 5037 reconnect offline'
2026-01-08 12:06:37:382 [d420253c][ADB] Getting connected devices
2026-01-08 12:06:37:409 [d420253c][ADB] No connected devices have been detected
2026-01-08 12:06:37:409 [d420253c][ADB] Could not find online devices
2026-01-08 12:06:37:409 [d420253c][ADB] Reconnecting adb (target offline)
2026-01-08 12:06:37:410 [d420253c][ADB] Running '/opt/homebrew/Caskroom/android-platform-tools/36.0.2/platform-tools/adb -P 5037 reconnect offline'
2026-01-08 12:06:37:627 [d420253c][ADB] Getting connected devices
2026-01-08 12:06:37:642 [d420253c][ADB] No connected devices have been detected
2026-01-08 12:06:37:643 [d420253c][ADB] Could not find online devices
2026-01-08 12:06:37:643 [d420253c][ADB] Reconnecting adb (target offline)
2026-01-08 12:06:37:643 [d420253c][ADB] Running '/opt/homebrew/Caskroom/android-platform-tools/36.0.2/platform-tools/adb -P 5037 reconnect offline'
2026-01-08 12:06:37:857 [d420253c][ADB] Getting connected devices
2026-01-08 12:06:37:878 [d420253c][ADB] No connected devices have been detected
2026-01-08 12:06:37:878 [d420253c][ADB] Could not find online devices
2026-01-08 12:06:37:878 [d420253c][ADB] Reconnecting adb (target offline)
2026-01-08 12:06:37:878 [d420253c][ADB] Running '/opt/homebrew/Caskroom/android-platform-tools/36.0.2/platform-tools/adb -P 5037 reconnect offline'
2026-01-08 12:06:38:093 [d420253c][ADB] Getting connected devices
2026-01-08 12:06:38:115 [d420253c][ADB] No connected devices have been detected
2026-01-08 12:06:38:115 [d420253c][ADB] Could not find online devices
2026-01-08 12:06:38:115 [d420253c][ADB] Reconnecting adb (target offline)
2026-01-08 12:06:38:115 [d420253c][ADB] Running '/opt/homebrew/Caskroom/android-platform-tools/36.0.2/platform-tools/adb -P 5037 reconnect offline'
2026-01-08 12:06:38:330 [d420253c][ADB] Getting connected devices
2026-01-08 12:06:38:355 [d420253c][ADB] No connected devices have been detected
2026-01-08 12:06:38:355 [d420253c][ADB] Could not find online devices
2026-01-08 12:06:38:355 [d420253c][ADB] Reconnecting adb (target offline)
2026-01-08 12:06:38:355 [d420253c][ADB] Running '/opt/homebrew/Caskroom/android-platform-tools/36.0.2/platform-tools/adb -P 5037 reconnect offline'
2026-01-08 12:06:38:570 [d420253c][ADB] Getting connected devices
2026-01-08 12:06:38:591 [d420253c][ADB] No connected devices have been detected
2026-01-08 12:06:38:591 [d420253c][ADB] Could not find online devices
2026-01-08 12:06:38:591 [d420253c][ADB] Reconnecting adb (target offline)
2026-01-08 12:06:38:591 [d420253c][ADB] Running '/opt/homebrew/Caskroom/android-platform-tools/36.0.2/platform-tools/adb -P 5037 reconnect offline'
2026-01-08 12:06:38:805 [d420253c][ADB] Getting connected devices
2026-01-08 12:06:38:820 [d420253c][ADB] No connected devices have been detected
2026-01-08 12:06:38:820 [d420253c][ADB] Could not find online devices
2026-01-08 12:06:38:820 [d420253c][ADB] Reconnecting adb (target offline)
2026-01-08 12:06:38:820 [d420253c][ADB] Running '/opt/homebrew/Caskroom/android-platform-tools/36.0.2/platform-tools/adb -P 5037 reconnect offline'
2026-01-08 12:06:39:034 [d420253c][ADB] Getting connected devices
2026-01-08 12:06:39:058 [d420253c][ADB] No connected devices have been detected
2026-01-08 12:06:39:058 [d420253c][ADB] Could not find online devices
2026-01-08 12:06:39:058 [d420253c][ADB] Reconnecting adb (target offline)
2026-01-08 12:06:39:058 [d420253c][ADB] Running '/opt/homebrew/Caskroom/android-platform-tools/36.0.2/platform-tools/adb -P 5037 reconnect offline'
2026-01-08 12:06:39:273 [d420253c][ADB] Getting connected devices
2026-01-08 12:06:39:293 [d420253c][ADB] No connected devices have been detected
2026-01-08 12:06:39:293 [d420253c][ADB] Could not find online devices
2026-01-08 12:06:39:293 [d420253c][ADB] Reconnecting adb (target offline)
2026-01-08 12:06:39:293 [d420253c][ADB] Running '/opt/homebrew/Caskroom/android-platform-tools/36.0.2/platform-tools/adb -P 5037 reconnect offline'
2026-01-08 12:06:39:508 [d420253c][ADB] Getting connected devices
2026-01-08 12:06:39:533 [d420253c][ADB] No connected devices have been detected
2026-01-08 12:06:39:533 [d420253c][ADB] Could not find online devices
2026-01-08 12:06:39:533 [d420253c][ADB] Reconnecting adb (target offline)
2026-01-08 12:06:39:533 [d420253c][ADB] Running '/opt/homebrew/Caskroom/android-platform-tools/36.0.2/platform-tools/adb -P 5037 reconnect offline'
2026-01-08 12:06:39:748 [d420253c][ADB] Getting connected devices
2026-01-08 12:06:39:760 [d420253c][ADB] No connected devices have been detected
2026-01-08 12:06:39:760 [d420253c][ADB] Could not find online devices
2026-01-08 12:06:39:760 [d420253c][ADB] Reconnecting adb (target offline)
2026-01-08 12:06:39:760 [d420253c][ADB] Running '/opt/homebrew/Caskroom/android-platform-tools/36.0.2/platform-tools/adb -P 5037 reconnect offline'
2026-01-08 12:06:39:973 [d420253c][ADB] Getting connected devices
2026-01-08 12:06:39:987 [d420253c][ADB] No connected devices have been detected
2026-01-08 12:06:39:987 [d420253c][ADB] Could not find online devices
2026-01-08 12:06:39:988 [d420253c][ADB] Reconnecting adb (target offline)
2026-01-08 12:06:39:988 [d420253c][ADB] Running '/opt/homebrew/Caskroom/android-platform-tools/36.0.2/platform-tools/adb -P 5037 reconnect offline'
2026-01-08 12:06:40:201 [d420253c][ADB] Getting connected devices
2026-01-08 12:06:40:220 [d420253c][ADB] No connected devices have been detected
2026-01-08 12:06:40:220 [d420253c][ADB] Could not find online devices
2026-01-08 12:06:40:220 [d420253c][ADB] Reconnecting adb (target offline)
2026-01-08 12:06:40:220 [d420253c][ADB] Running '/opt/homebrew/Caskroom/android-platform-tools/36.0.2/platform-tools/adb -P 5037 reconnect offline'
2026-01-08 12:06:40:435 [d420253c][ADB] Getting connected devices
2026-01-08 12:06:40:448 [d420253c][ADB] No connected devices have been detected
2026-01-08 12:06:40:448 [d420253c][ADB] Could not find online devices
2026-01-08 12:06:40:448 [d420253c][ADB] Reconnecting adb (target offline)
2026-01-08 12:06:40:448 [d420253c][ADB] Running '/opt/homebrew/Caskroom/android-platform-tools/36.0.2/platform-tools/adb -P 5037 reconnect offline'
2026-01-08 12:06:40:662 [d420253c][ADB] Getting connected devices
2026-01-08 12:06:40:688 [d420253c][ADB] No connected devices have been detected
2026-01-08 12:06:40:688 [d420253c][ADB] Could not find online devices
2026-01-08 12:06:40:688 [d420253c][ADB] Reconnecting adb (target offline)
2026-01-08 12:06:40:688 [d420253c][ADB] Running '/opt/homebrew/Caskroom/android-platform-tools/36.0.2/platform-tools/adb -P 5037 reconnect offline'
2026-01-08 12:06:40:903 [d420253c][ADB] Getting connected devices
2026-01-08 12:06:40:923 [d420253c][ADB] No connected devices have been detected
2026-01-08 12:06:40:923 [d420253c][ADB] Could not find online devices
2026-01-08 12:06:40:923 [d420253c][ADB] Reconnecting adb (target offline)
2026-01-08 12:06:40:923 [d420253c][ADB] Running '/opt/homebrew/Caskroom/android-platform-tools/36.0.2/platform-tools/adb -P 5037 reconnect offline'
2026-01-08 12:06:41:137 [d420253c][ADB] Getting connected devices
2026-01-08 12:06:41:150 [d420253c][ADB] No connected devices have been detected
2026-01-08 12:06:41:150 [d420253c][ADB] Could not find online devices
2026-01-08 12:06:41:150 [d420253c][ADB] Reconnecting adb (target offline)
2026-01-08 12:06:41:150 [d420253c][ADB] Running '/opt/homebrew/Caskroom/android-platform-tools/36.0.2/platform-tools/adb -P 5037 reconnect offline'
2026-01-08 12:06:41:363 [d420253c][ADB] Getting connected devices
2026-01-08 12:06:41:380 [d420253c][ADB] No connected devices have been detected
2026-01-08 12:06:41:380 [d420253c][ADB] Could not find online devices
2026-01-08 12:06:41:381 [d420253c][ADB] Reconnecting adb (target offline)
2026-01-08 12:06:41:381 [d420253c][ADB] Running '/opt/homebrew/Caskroom/android-platform-tools/36.0.2/platform-tools/adb -P 5037 reconnect offline'
2026-01-08 12:06:41:596 [d420253c][ADB] Getting connected devices
2026-01-08 12:06:41:620 [d420253c][ADB] No connected devices have been detected
2026-01-08 12:06:41:620 [d420253c][ADB] Could not find online devices
2026-01-08 12:06:41:620 [d420253c][ADB] Reconnecting adb (target offline)
2026-01-08 12:06:41:620 [d420253c][ADB] Running '/opt/homebrew/Caskroom/android-platform-tools/36.0.2/platform-tools/adb -P 5037 reconnect offline'
2026-01-08 12:06:41:835 [d420253c][ADB] Getting connected devices
2026-01-08 12:06:41:847 [d420253c][ADB] No connected devices have been detected
2026-01-08 12:06:41:847 [d420253c][ADB] Could not find online devices
2026-01-08 12:06:41:847 [d420253c][ADB] Reconnecting adb (target offline)
2026-01-08 12:06:41:847 [d420253c][ADB] Running '/opt/homebrew/Caskroom/android-platform-tools/36.0.2/platform-tools/adb -P 5037 reconnect offline'
2026-01-08 12:06:42:059 [d420253c][ADB] Getting connected devices
2026-01-08 12:06:42:068 [d420253c][ADB] No connected devices have been detected
2026-01-08 12:06:42:068 [d420253c][ADB] Could not find online devices
2026-01-08 12:06:42:068 [d420253c][ADB] Reconnecting adb (target offline)
2026-01-08 12:06:42:068 [d420253c][ADB] Running '/opt/homebrew/Caskroom/android-platform-tools/36.0.2/platform-tools/adb -P 5037 reconnect offline'
2026-01-08 12:06:42:279 [d420253c][ADB] Getting connected devices
2026-01-08 12:06:42:289 [d420253c][ADB] No connected devices have been detected
2026-01-08 12:06:42:289 [d420253c][ADB] Could not find online devices
2026-01-08 12:06:42:289 [d420253c][ADB] Reconnecting adb (target offline)
2026-01-08 12:06:42:289 [d420253c][ADB] Running '/opt/homebrew/Caskroom/android-platform-tools/36.0.2/platform-tools/adb -P 5037 reconnect offline'
2026-01-08 12:06:42:501 [d420253c][ADB] Getting connected devices
2026-01-08 12:06:42:512 [d420253c][ADB] No connected devices have been detected
2026-01-08 12:06:42:512 [d420253c][ADB] Could not find online devices
2026-01-08 12:06:42:512 [d420253c][ADB] Reconnecting adb (target offline)
2026-01-08 12:06:42:512 [d420253c][ADB] Running '/opt/homebrew/Caskroom/android-platform-tools/36.0.2/platform-tools/adb -P 5037 reconnect offline'
2026-01-08 12:06:42:725 [d420253c][ADB] Getting connected devices
2026-01-08 12:06:42:742 [d420253c][ADB] No connected devices have been detected
2026-01-08 12:06:42:742 [d420253c][ADB] Could not find online devices
2026-01-08 12:06:42:742 [d420253c][ADB] Reconnecting adb (target offline)
2026-01-08 12:06:42:742 [d420253c][ADB] Running '/opt/homebrew/Caskroom/android-platform-tools/36.0.2/platform-tools/adb -P 5037 reconnect offline'
2026-01-08 12:06:42:957 [d420253c][ADB] Getting connected devices
2026-01-08 12:06:42:981 [d420253c][ADB] No connected devices have been detected
2026-01-08 12:06:42:981 [d420253c][ADB] Could not find online devices
2026-01-08 12:06:42:981 [d420253c][ADB] Reconnecting adb (target offline)
2026-01-08 12:06:42:981 [d420253c][ADB] Running '/opt/homebrew/Caskroom/android-platform-tools/36.0.2/platform-tools/adb -P 5037 reconnect offline'
2026-01-08 12:06:43:196 [d420253c][ADB] Getting connected devices
2026-01-08 12:06:43:216 [d420253c][ADB] No connected devices have been detected
2026-01-08 12:06:43:216 [d420253c][ADB] Could not find online devices
2026-01-08 12:06:43:216 [d420253c][ADB] Reconnecting adb (target offline)
2026-01-08 12:06:43:217 [d420253c][ADB] Running '/opt/homebrew/Caskroom/android-platform-tools/36.0.2/platform-tools/adb -P 5037 reconnect offline'
2026-01-08 12:06:43:432 [d420253c][ADB] Getting connected devices
2026-01-08 12:06:43:458 [d420253c][ADB] No connected devices have been detected
2026-01-08 12:06:43:458 [d420253c][ADB] Could not find online devices
2026-01-08 12:06:43:458 [d420253c][ADB] Reconnecting adb (target offline)
2026-01-08 12:06:43:458 [d420253c][ADB] Running '/opt/homebrew/Caskroom/android-platform-tools/36.0.2/platform-tools/adb -P 5037 reconnect offline'
2026-01-08 12:06:43:676 [d420253c][ADB] Getting connected devices
2026-01-08 12:06:43:700 [d420253c][ADB] No connected devices have been detected
2026-01-08 12:06:43:700 [d420253c][ADB] Could not find online devices
2026-01-08 12:06:43:700 [d420253c][ADB] Reconnecting adb (target offline)
2026-01-08 12:06:43:700 [d420253c][ADB] Running '/opt/homebrew/Caskroom/android-platform-tools/36.0.2/platform-tools/adb -P 5037 reconnect offline'
2026-01-08 12:06:43:915 [d420253c][ADB] Getting connected devices
2026-01-08 12:06:43:941 [d420253c][ADB] No connected devices have been detected
2026-01-08 12:06:43:941 [d420253c][ADB] Could not find online devices
2026-01-08 12:06:43:941 [d420253c][ADB] Reconnecting adb (target offline)
2026-01-08 12:06:43:941 [d420253c][ADB] Running '/opt/homebrew/Caskroom/android-platform-tools/36.0.2/platform-tools/adb -P 5037 reconnect offline'
2026-01-08 12:06:44:157 [d420253c][ADB] Getting connected devices
2026-01-08 12:06:44:183 [d420253c][ADB] No connected devices have been detected
2026-01-08 12:06:44:184 [d420253c][ADB] Could not find online devices
2026-01-08 12:06:44:184 [d420253c][ADB] Reconnecting adb (target offline)
2026-01-08 12:06:44:184 [d420253c][ADB] Running '/opt/homebrew/Caskroom/android-platform-tools/36.0.2/platform-tools/adb -P 5037 reconnect offline'
2026-01-08 12:06:44:400 [d420253c][ADB] Getting connected devices
2026-01-08 12:06:44:420 [d420253c][ADB] No connected devices have been detected
2026-01-08 12:06:44:420 [d420253c][ADB] Could not find online devices
2026-01-08 12:06:44:421 [d420253c][ADB] Reconnecting adb (target offline)
2026-01-08 12:06:44:421 [d420253c][ADB] Running '/opt/homebrew/Caskroom/android-platform-tools/36.0.2/platform-tools/adb -P 5037 reconnect offline'
2026-01-08 12:06:44:636 [d420253c][ADB] Getting connected devices
2026-01-08 12:06:44:656 [d420253c][ADB] No connected devices have been detected
2026-01-08 12:06:44:656 [d420253c][ADB] Could not find online devices
2026-01-08 12:06:44:656 [d420253c][ADB] Reconnecting adb (target offline)
2026-01-08 12:06:44:656 [d420253c][ADB] Running '/opt/homebrew/Caskroom/android-platform-tools/36.0.2/platform-tools/adb -P 5037 reconnect offline'
2026-01-08 12:06:44:870 [d420253c][ADB] Getting connected devices
2026-01-08 12:06:44:882 [d420253c][ADB] No connected devices have been detected
2026-01-08 12:06:44:882 [d420253c][ADB] Could not find online devices
2026-01-08 12:06:44:882 [d420253c][ADB] Reconnecting adb (target offline)
2026-01-08 12:06:44:882 [d420253c][ADB] Running '/opt/homebrew/Caskroom/android-platform-tools/36.0.2/platform-tools/adb -P 5037 reconnect offline'
2026-01-08 12:06:45:094 [d420253c][ADB] Getting connected devices
2026-01-08 12:06:45:104 [d420253c][ADB] No connected devices have been detected
2026-01-08 12:06:45:104 [d420253c][ADB] Could not find online devices
2026-01-08 12:06:45:105 [d420253c][ADB] Reconnecting adb (target offline)
2026-01-08 12:06:45:105 [d420253c][ADB] Running '/opt/homebrew/Caskroom/android-platform-tools/36.0.2/platform-tools/adb -P 5037 reconnect offline'
2026-01-08 12:06:45:316 [d420253c][ADB] Getting connected devices
2026-01-08 12:06:45:331 [d420253c][ADB] No connected devices have been detected
2026-01-08 12:06:45:331 [d420253c][ADB] Could not find online devices
2026-01-08 12:06:45:332 [d420253c][ADB] Reconnecting adb (target offline)
2026-01-08 12:06:45:332 [d420253c][ADB] Running '/opt/homebrew/Caskroom/android-platform-tools/36.0.2/platform-tools/adb -P 5037 reconnect offline'
2026-01-08 12:06:45:546 [d420253c][ADB] Getting connected devices
2026-01-08 12:06:45:563 [d420253c][ADB] No connected devices have been detected
2026-01-08 12:06:45:563 [d420253c][ADB] Could not find online devices
2026-01-08 12:06:45:563 [d420253c][ADB] Reconnecting adb (target offline)
2026-01-08 12:06:45:564 [d420253c][ADB] Running '/opt/homebrew/Caskroom/android-platform-tools/36.0.2/platform-tools/adb -P 5037 reconnect offline'
2026-01-08 12:06:45:778 [d420253c][ADB] Getting connected devices
2026-01-08 12:06:45:800 [d420253c][ADB] No connected devices have been detected
2026-01-08 12:06:45:800 [d420253c][ADB] Could not find online devices
2026-01-08 12:06:45:800 [d420253c][ADB] Reconnecting adb (target offline)
2026-01-08 12:06:45:800 [d420253c][ADB] Running '/opt/homebrew/Caskroom/android-platform-tools/36.0.2/platform-tools/adb -P 5037 reconnect offline'
2026-01-08 12:06:46:016 [d420253c][ADB] Getting connected devices
2026-01-08 12:06:46:039 [d420253c][ADB] No connected devices have been detected
2026-01-08 12:06:46:039 [d420253c][ADB] Could not find online devices
2026-01-08 12:06:46:039 [d420253c][ADB] Reconnecting adb (target offline)
2026-01-08 12:06:46:039 [d420253c][ADB] Running '/opt/homebrew/Caskroom/android-platform-tools/36.0.2/platform-tools/adb -P 5037 reconnect offline'
2026-01-08 12:06:46:255 [d420253c][ADB] Getting connected devices
2026-01-08 12:06:46:267 [d420253c][ADB] No connected devices have been detected
2026-01-08 12:06:46:268 [d420253c][ADB] Could not find online devices
2026-01-08 12:06:46:268 [d420253c][ADB] Reconnecting adb (target offline)
2026-01-08 12:06:46:268 [d420253c][ADB] Running '/opt/homebrew/Caskroom/android-platform-tools/36.0.2/platform-tools/adb -P 5037 reconnect offline'
2026-01-08 12:06:46:480 [d420253c][ADB] Getting connected devices
2026-01-08 12:06:46:495 [d420253c][ADB] No connected devices have been detected
2026-01-08 12:06:46:496 [d420253c][ADB] Could not find online devices
2026-01-08 12:06:46:496 [d420253c][ADB] Reconnecting adb (target offline)
2026-01-08 12:06:46:496 [d420253c][ADB] Running '/opt/homebrew/Caskroom/android-platform-tools/36.0.2/platform-tools/adb -P 5037 reconnect offline'
2026-01-08 12:06:46:709 [d420253c][ADB] Getting connected devices
2026-01-08 12:06:46:721 [d420253c][ADB] No connected devices have been detected
2026-01-08 12:06:46:721 [d420253c][ADB] Could not find online devices
2026-01-08 12:06:46:721 [d420253c][ADB] Reconnecting adb (target offline)
2026-01-08 12:06:46:721 [d420253c][ADB] Running '/opt/homebrew/Caskroom/android-platform-tools/36.0.2/platform-tools/adb -P 5037 reconnect offline'
2026-01-08 12:06:46:933 [d420253c][ADB] Getting connected devices
2026-01-08 12:06:46:947 [d420253c][ADB] No connected devices have been detected
2026-01-08 12:06:46:947 [d420253c][ADB] Could not find online devices
2026-01-08 12:06:46:947 [d420253c][ADB] Reconnecting adb (target offline)
2026-01-08 12:06:46:947 [d420253c][ADB] Running '/opt/homebrew/Caskroom/android-platform-tools/36.0.2/platform-tools/adb -P 5037 reconnect offline'
2026-01-08 12:06:47:160 [d420253c][ADB] Getting connected devices
2026-01-08 12:06:47:173 [d420253c][ADB] No connected devices have been detected
2026-01-08 12:06:47:173 [d420253c][ADB] Could not find online devices
2026-01-08 12:06:47:173 [d420253c][ADB] Reconnecting adb (target offline)
2026-01-08 12:06:47:173 [d420253c][ADB] Running '/opt/homebrew/Caskroom/android-platform-tools/36.0.2/platform-tools/adb -P 5037 reconnect offline'
2026-01-08 12:06:47:383 [d420253c][ADB] Getting connected devices
2026-01-08 12:06:47:398 [d420253c][ADB] No connected devices have been detected
2026-01-08 12:06:47:398 [d420253c][ADB] Could not find online devices
2026-01-08 12:06:47:399 [d420253c][ADB] Reconnecting adb (target offline)
2026-01-08 12:06:47:399 [d420253c][ADB] Running '/opt/homebrew/Caskroom/android-platform-tools/36.0.2/platform-tools/adb -P 5037 reconnect offline'
2026-01-08 12:06:47:613 [d420253c][ADB] Getting connected devices
2026-01-08 12:06:47:636 [d420253c][ADB] No connected devices have been detected
2026-01-08 12:06:47:636 [d420253c][ADB] Could not find online devices
2026-01-08 12:06:47:636 [d420253c][ADB] Reconnecting adb (target offline)
2026-01-08 12:06:47:636 [d420253c][ADB] Running '/opt/homebrew/Caskroom/android-platform-tools/36.0.2/platform-tools/adb -P 5037 reconnect offline'
2026-01-08 12:06:47:852 [d420253c][ADB] Getting connected devices
2026-01-08 12:06:47:875 [d420253c][ADB] No connected devices have been detected
2026-01-08 12:06:47:875 [d420253c][ADB] Could not find online devices
2026-01-08 12:06:47:875 [d420253c][ADB] Reconnecting adb (target offline)
2026-01-08 12:06:47:875 [d420253c][ADB] Running '/opt/homebrew/Caskroom/android-platform-tools/36.0.2/platform-tools/adb -P 5037 reconnect offline'
2026-01-08 12:06:48:091 [d420253c][ADB] Getting connected devices
2026-01-08 12:06:48:110 [d420253c][ADB] No connected devices have been detected
2026-01-08 12:06:48:110 [d420253c][ADB] Could not find online devices
2026-01-08 12:06:48:110 [d420253c][ADB] Reconnecting adb (target offline)
2026-01-08 12:06:48:110 [d420253c][ADB] Running '/opt/homebrew/Caskroom/android-platform-tools/36.0.2/platform-tools/adb -P 5037 reconnect offline'
2026-01-08 12:06:48:324 [d420253c][ADB] Getting connected devices
2026-01-08 12:06:48:345 [d420253c][ADB] No connected devices have been detected
2026-01-08 12:06:48:345 [d420253c][ADB] Could not find online devices
2026-01-08 12:06:48:345 [d420253c][ADB] Reconnecting adb (target offline)
2026-01-08 12:06:48:345 [d420253c][ADB] Running '/opt/homebrew/Caskroom/android-platform-tools/36.0.2/platform-tools/adb -P 5037 reconnect offline'
2026-01-08 12:06:48:559 [d420253c][ADB] Getting connected devices
2026-01-08 12:06:48:584 [d420253c][ADB] No connected devices have been detected
2026-01-08 12:06:48:584 [d420253c][ADB] Could not find online devices
2026-01-08 12:06:48:584 [d420253c][ADB] Reconnecting adb (target offline)
2026-01-08 12:06:48:584 [d420253c][ADB] Running '/opt/homebrew/Caskroom/android-platform-tools/36.0.2/platform-tools/adb -P 5037 reconnect offline'
2026-01-08 12:06:48:799 [d420253c][ADB] Getting connected devices
2026-01-08 12:06:48:825 [d420253c][ADB] No connected devices have been detected
2026-01-08 12:06:48:825 [d420253c][ADB] Could not find online devices
2026-01-08 12:06:48:825 [d420253c][ADB] Reconnecting adb (target offline)
2026-01-08 12:06:48:825 [d420253c][ADB] Running '/opt/homebrew/Caskroom/android-platform-tools/36.0.2/platform-tools/adb -P 5037 reconnect offline'
2026-01-08 12:06:49:043 [d420253c][ADB] Getting connected devices
2026-01-08 12:06:49:068 [d420253c][ADB] No connected devices have been detected
2026-01-08 12:06:49:068 [d420253c][ADB] Could not find online devices
2026-01-08 12:06:49:068 [d420253c][ADB] Reconnecting adb (target offline)
2026-01-08 12:06:49:068 [d420253c][ADB] Running '/opt/homebrew/Caskroom/android-platform-tools/36.0.2/platform-tools/adb -P 5037 reconnect offline'
2026-01-08 12:06:49:284 [d420253c][ADB] Getting connected devices
2026-01-08 12:06:49:308 [d420253c][ADB] No connected devices have been detected
2026-01-08 12:06:49:308 [d420253c][ADB] Could not find online devices
2026-01-08 12:06:49:308 [d420253c][ADB] Reconnecting adb (target offline)
2026-01-08 12:06:49:308 [d420253c][ADB] Running '/opt/homebrew/Caskroom/android-platform-tools/36.0.2/platform-tools/adb -P 5037 reconnect offline'
2026-01-08 12:06:49:523 [d420253c][ADB] Getting connected devices
2026-01-08 12:06:49:548 [d420253c][ADB] No connected devices have been detected
2026-01-08 12:06:49:548 [d420253c][ADB] Could not find online devices
2026-01-08 12:06:49:548 [d420253c][ADB] Reconnecting adb (target offline)
2026-01-08 12:06:49:548 [d420253c][ADB] Running '/opt/homebrew/Caskroom/android-platform-tools/36.0.2/platform-tools/adb -P 5037 reconnect offline'
2026-01-08 12:06:49:764 [d420253c][ADB] Getting connected devices
2026-01-08 12:06:49:776 [d420253c][ADB] No connected devices have been detected
2026-01-08 12:06:49:776 [d420253c][ADB] Could not find online devices
2026-01-08 12:06:49:776 [d420253c][ADB] Reconnecting adb (target offline)
2026-01-08 12:06:49:776 [d420253c][ADB] Running '/opt/homebrew/Caskroom/android-platform-tools/36.0.2/platform-tools/adb -P 5037 reconnect offline'
2026-01-08 12:06:49:990 [d420253c][ADB] Getting connected devices
2026-01-08 12:06:50:014 [d420253c][ADB] No connected devices have been detected
2026-01-08 12:06:50:014 [d420253c][ADB] Could not find online devices
2026-01-08 12:06:50:014 [d420253c][ADB] Reconnecting adb (target offline)
2026-01-08 12:06:50:014 [d420253c][ADB] Running '/opt/homebrew/Caskroom/android-platform-tools/36.0.2/platform-tools/adb -P 5037 reconnect offline'
2026-01-08 12:06:50:232 [d420253c][ADB] Getting connected devices
2026-01-08 12:06:50:251 [d420253c][ADB] No connected devices have been detected
2026-01-08 12:06:50:251 [d420253c][ADB] Could not find online devices
2026-01-08 12:06:50:251 [d420253c][ADB] Reconnecting adb (target offline)
2026-01-08 12:06:50:251 [d420253c][ADB] Running '/opt/homebrew/Caskroom/android-platform-tools/36.0.2/platform-tools/adb -P 5037 reconnect offline'
2026-01-08 12:06:50:466 [d420253c][ADB] Getting connected devices
2026-01-08 12:06:50:486 [d420253c][ADB] No connected devices have been detected
2026-01-08 12:06:50:486 [d420253c][ADB] Could not find online devices
2026-01-08 12:06:50:486 [d420253c][ADB] Reconnecting adb (target offline)
2026-01-08 12:06:50:486 [d420253c][ADB] Running '/opt/homebrew/Caskroom/android-platform-tools/36.0.2/platform-tools/adb -P 5037 reconnect offline'
2026-01-08 12:06:50:702 [d420253c][ADB] Getting connected devices
2026-01-08 12:06:50:727 [d420253c][ADB] No connected devices have been detected
2026-01-08 12:06:50:727 [d420253c][ADB] Could not find online devices
2026-01-08 12:06:50:727 [d420253c][ADB] Reconnecting adb (target offline)
2026-01-08 12:06:50:727 [d420253c][ADB] Running '/opt/homebrew/Caskroom/android-platform-tools/36.0.2/platform-tools/adb -P 5037 reconnect offline'
2026-01-08 12:06:50:944 [d420253c][ADB] Getting connected devices
2026-01-08 12:06:50:967 [d420253c][ADB] No connected devices have been detected
2026-01-08 12:06:50:967 [d420253c][ADB] Could not find online devices
2026-01-08 12:06:50:967 [d420253c][ADB] Reconnecting adb (target offline)
2026-01-08 12:06:50:967 [d420253c][ADB] Running '/opt/homebrew/Caskroom/android-platform-tools/36.0.2/platform-tools/adb -P 5037 reconnect offline'
2026-01-08 12:06:51:181 [d420253c][ADB] Getting connected devices
2026-01-08 12:06:51:202 [d420253c][ADB] No connected devices have been detected
2026-01-08 12:06:51:202 [d420253c][ADB] Could not find online devices
2026-01-08 12:06:51:202 [d420253c][ADB] Reconnecting adb (target offline)
2026-01-08 12:06:51:202 [d420253c][ADB] Running '/opt/homebrew/Caskroom/android-platform-tools/36.0.2/platform-tools/adb -P 5037 reconnect offline'
2026-01-08 12:06:51:297 [d420253c][ADB] Getting connected devices
2026-01-08 12:06:51:310 [d420253c][ADB] No connected devices have been detected
2026-01-08 12:06:51:310 [d420253c][ADB] Could not find online devices
2026-01-08 12:06:51:310 [d420253c][ADB] Reconnecting adb (target offline)
2026-01-08 12:06:51:310 [d420253c][ADB] Running '/opt/homebrew/Caskroom/android-platform-tools/36.0.2/platform-tools/adb -P 5037 reconnect offline'
2026-01-08 12:06:51:321 [d420253c][38;5;-70m[AndroidUiautomator2Driver@94ce] Deleting UiAutomator2 session
2026-01-08 12:06:51:321 [d420253c][38;5;-70m[AndroidUiautomator2Driver@94ce] Unable to stop ChromeDriver proxies: Cannot read properties of undefined (reading 'proxyReqRes')
2026-01-08 12:06:51:321 [d420253c][AppiumDriver@eb75] Event 'newSessionStarted' logged at 1767874011321 (14:06:51 GMT+0200 (Israel Standard Time))
2026-01-08 12:06:51:321 [d420253c][AppiumDriver@eb75] Encountered internal error running command: Error: Could not find a connected Android device in 20000ms
    at ADB.getDevicesWithRetry (/Users/eladyerushalmi/.appium/node_modules/appium-uiautomator2-driver/node_modules/appium-adb/lib/tools/system-calls.js:332:13)
    at Object.getDeviceInfoFromCaps (/Users/eladyerushalmi/.appium/node_modules/appium-uiautomator2-driver/node_modules/appium-android-driver/lib/helpers/android.ts:378:23)
    at AndroidUiautomator2Driver.startUiAutomator2Session (/Users/eladyerushalmi/.appium/node_modules/appium-uiautomator2-driver/lib/driver.ts:425:28)
    at AndroidUiautomator2Driver.createSession (/Users/eladyerushalmi/.appium/node_modules/appium-uiautomator2-driver/lib/driver.ts:299:22)
    at AppiumDriver.createSession (/Users/eladyerushalmi/.nvm/versions/node/v22.4.0/lib/node_modules/appium/lib/appium.js:379:35)
2026-01-08 12:06:51:322 [d420253c][HTTP] <-- POST /session 500 20071 ms - 680 
2026-01-08 12:06:51:335 [HTTP] Request idempotency key: 0ed8f369-9c2a-4898-9fa8-9863b35e82ac
2026-01-08 12:06:51:335 [HTTP] --> POST /session {"capabilities":{"firstMatch":[{"appium:noReset":false,"appium:appActivity":"com.saucelabs.mydemoapp.android.view.activities.SplashActivity","appium:deviceName":"emulator-5554","platformName":"ANDROID","appium:automationName":"UiAutomator2","appium:fullReset":false,"appium:app":"/Users/eladyerushalmi/Documents/sauce-sample-app-mobile-automation/src/test/resources/apps/mda.apk","appium:appPackage":"com.saucelabs.mydemoapp.android"}]}}
2026-01-08 12:06:51:335 [AppiumDriver@eb75] Calling AppiumDriver.createSession() with args: [null,null,{"firstMatch":[{"appium:noReset":false,"appium:appActivity":"com.saucelabs.mydemoapp.android.view.activities.SplashActivity","appium:deviceName":"emulator-5554","platformName":"ANDROID","appium:automationName":"UiAutomator2","appium:fullReset":false,"appium:app":"/Users/eladyerushalmi/Documents/sauce-sample-app-mobile-automation/src/test/resources/apps/mda.apk","appium:appPackage":"com.saucelabs.mydemoapp.android"}]}]
2026-01-08 12:06:51:335 [AppiumDriver@eb75] Event 'newSessionRequested' logged at 1767874011335 (14:06:51 GMT+0200 (Israel Standard Time))
2026-01-08 12:06:51:335 [Appium] Attempting to find matching driver for automationName 'UiAutomator2' and platformName 'ANDROID'
2026-01-08 12:06:51:335 [Appium] The 'uiautomator2' driver was installed and matched caps.
2026-01-08 12:06:51:335 [Appium] Will require it at /Users/eladyerushalmi/.appium/node_modules/appium-uiautomator2-driver
2026-01-08 12:06:51:336 [Appium] Requiring driver at /Users/eladyerushalmi/.appium/node_modules/appium-uiautomator2-driver/build/index.js
2026-01-08 12:06:51:336 [AppiumDriver@eb75] Appium v2.19.0 creating new AndroidUiautomator2Driver (v2.42.1) session
2026-01-08 12:06:51:336 [AppiumDriver@eb75] Checking BaseDriver versions for Appium and AndroidUiautomator2Driver
2026-01-08 12:06:51:336 [AppiumDriver@eb75] Appium's BaseDriver version is 9.18.0
2026-01-08 12:06:51:336 [AppiumDriver@eb75] AndroidUiautomator2Driver's BaseDriver version is 9.18.0
2026-01-08 12:06:51:337 [38;5;-90m[AndroidUiautomator2Driver@4360] 
2026-01-08 12:06:51:337 [38;5;-90m[AndroidUiautomator2Driver@4360] Creating session with W3C capabilities: {
  "alwaysMatch": {
    "platformName": "ANDROID",
    "appium:noReset": false,
    "appium:appActivity": "com.saucelabs.mydemoapp.android.view.activities.SplashActivity",
    "appium:deviceName": "emulator-5554",
    "appium:automationName": "UiAutomator2",
    "appium:fullReset": false,
    "appium:app": "/Users/eladyerushalmi/Documents/sauce-sample-app-mobile-automation/src/test/resources/apps/mda.apk",
    "appium:appPackage": "com.saucelabs.mydemoapp.android"
  },
  "firstMatch": [
    {}
  ]
}
2026-01-08 12:06:51:338 [81f907f6][38;5;-90m[AndroidUiautomator2Driver@4360] Session created with session id: 81f907f6-b94c-406b-9338-e54d272be31e
2026-01-08 12:06:51:338 [81f907f6][BaseDriver] Using local app '/Users/eladyerushalmi/Documents/sauce-sample-app-mobile-automation/src/test/resources/apps/mda.apk'
2026-01-08 12:06:51:366 [81f907f6][38;5;-90m[AndroidUiautomator2Driver@4360] Checking whether app is actually present
2026-01-08 12:06:51:366 [81f907f6][ADB] Using 'adb' from '/opt/homebrew/Caskroom/android-platform-tools/36.0.2/platform-tools/adb'
2026-01-08 12:06:51:367 [81f907f6][ADB] Running '/opt/homebrew/Caskroom/android-platform-tools/36.0.2/platform-tools/adb -P 5037 start-server'
2026-01-08 12:06:51:377 [81f907f6][AndroidDriver] Retrieving device list
2026-01-08 12:06:51:377 [81f907f6][ADB] Trying to find connected Android devices
2026-01-08 12:06:51:377 [81f907f6][ADB] Getting connected devices
2026-01-08 12:06:51:386 [81f907f6][ADB] No connected devices have been detected
2026-01-08 12:06:51:386 [81f907f6][ADB] Could not find online devices
2026-01-08 12:06:51:386 [81f907f6][ADB] Reconnecting adb (target offline)
2026-01-08 12:06:51:386 [81f907f6][ADB] Running '/opt/homebrew/Caskroom/android-platform-tools/36.0.2/platform-tools/adb -P 5037 reconnect offline'
2026-01-08 12:06:51:598 [81f907f6][ADB] Getting connected devices
2026-01-08 12:06:51:613 [81f907f6][ADB] No connected devices have been detected
2026-01-08 12:06:51:613 [81f907f6][ADB] Could not find online devices
2026-01-08 12:06:51:613 [81f907f6][ADB] Reconnecting adb (target offline)
2026-01-08 12:06:51:613 [81f907f6][ADB] Running '/opt/homebrew/Caskroom/android-platform-tools/36.0.2/platform-tools/adb -P 5037 reconnect offline'
2026-01-08 12:06:51:827 [81f907f6][ADB] Getting connected devices
2026-01-08 12:06:51:840 [81f907f6][ADB] No connected devices have been detected
2026-01-08 12:06:51:840 [81f907f6][ADB] Could not find online devices
2026-01-08 12:06:51:840 [81f907f6][ADB] Reconnecting adb (target offline)
2026-01-08 12:06:51:840 [81f907f6][ADB] Running '/opt/homebrew/Caskroom/android-platform-tools/36.0.2/platform-tools/adb -P 5037 reconnect offline'
2026-01-08 12:06:52:053 [81f907f6][ADB] Getting connected devices
2026-01-08 12:06:52:071 [81f907f6][ADB] No connected devices have been detected
2026-01-08 12:06:52:071 [81f907f6][ADB] Could not find online devices
2026-01-08 12:06:52:071 [81f907f6][ADB] Reconnecting adb (target offline)
2026-01-08 12:06:52:071 [81f907f6][ADB] Running '/opt/homebrew/Caskroom/android-platform-tools/36.0.2/platform-tools/adb -P 5037 reconnect offline'
2026-01-08 12:06:52:285 [81f907f6][ADB] Getting connected devices
2026-01-08 12:06:52:306 [81f907f6][ADB] No connected devices have been detected
2026-01-08 12:06:52:306 [81f907f6][ADB] Could not find online devices
2026-01-08 12:06:52:306 [81f907f6][ADB] Reconnecting adb (target offline)
2026-01-08 12:06:52:306 [81f907f6][ADB] Running '/opt/homebrew/Caskroom/android-platform-tools/36.0.2/platform-tools/adb -P 5037 reconnect offline'
2026-01-08 12:06:52:521 [81f907f6][ADB] Getting connected devices
2026-01-08 12:06:52:533 [81f907f6][ADB] No connected devices have been detected
2026-01-08 12:06:52:533 [81f907f6][ADB] Could not find online devices
2026-01-08 12:06:52:533 [81f907f6][ADB] Reconnecting adb (target offline)
2026-01-08 12:06:52:533 [81f907f6][ADB] Running '/opt/homebrew/Caskroom/android-platform-tools/36.0.2/platform-tools/adb -P 5037 reconnect offline'
2026-01-08 12:06:52:746 [81f907f6][ADB] Getting connected devices
2026-01-08 12:06:52:761 [81f907f6][ADB] No connected devices have been detected
2026-01-08 12:06:52:761 [81f907f6][ADB] Could not find online devices
2026-01-08 12:06:52:761 [81f907f6][ADB] Reconnecting adb (target offline)
2026-01-08 12:06:52:761 [81f907f6][ADB] Running '/opt/homebrew/Caskroom/android-platform-tools/36.0.2/platform-tools/adb -P 5037 reconnect offline'
2026-01-08 12:06:52:975 [81f907f6][ADB] Getting connected devices
2026-01-08 12:06:52:990 [81f907f6][ADB] No connected devices have been detected
2026-01-08 12:06:52:990 [81f907f6][ADB] Could not find online devices
2026-01-08 12:06:52:990 [81f907f6][ADB] Reconnecting adb (target offline)
2026-01-08 12:06:52:990 [81f907f6][ADB] Running '/opt/homebrew/Caskroom/android-platform-tools/36.0.2/platform-tools/adb -P 5037 reconnect offline'
2026-01-08 12:06:53:203 [81f907f6][ADB] Getting connected devices
2026-01-08 12:06:53:230 [81f907f6][ADB] No connected devices have been detected
2026-01-08 12:06:53:230 [81f907f6][ADB] Could not find online devices
2026-01-08 12:06:53:230 [81f907f6][ADB] Reconnecting adb (target offline)
2026-01-08 12:06:53:230 [81f907f6][ADB] Running '/opt/homebrew/Caskroom/android-platform-tools/36.0.2/platform-tools/adb -P 5037 reconnect offline'
2026-01-08 12:06:53:447 [81f907f6][ADB] Getting connected devices
2026-01-08 12:06:53:469 [81f907f6][ADB] No connected devices have been detected
2026-01-08 12:06:53:469 [81f907f6][ADB] Could not find online devices
2026-01-08 12:06:53:469 [81f907f6][ADB] Reconnecting adb (target offline)
2026-01-08 12:06:53:470 [81f907f6][ADB] Running '/opt/homebrew/Caskroom/android-platform-tools/36.0.2/platform-tools/adb -P 5037 reconnect offline'
2026-01-08 12:06:53:686 [81f907f6][ADB] Getting connected devices
2026-01-08 12:06:53:711 [81f907f6][ADB] No connected devices have been detected
2026-01-08 12:06:53:711 [81f907f6][ADB] Could not find online devices
2026-01-08 12:06:53:711 [81f907f6][ADB] Reconnecting adb (target offline)
2026-01-08 12:06:53:711 [81f907f6][ADB] Running '/opt/homebrew/Caskroom/android-platform-tools/36.0.2/platform-tools/adb -P 5037 reconnect offline'
2026-01-08 12:06:53:929 [81f907f6][ADB] Getting connected devices
2026-01-08 12:06:53:952 [81f907f6][ADB] No connected devices have been detected
2026-01-08 12:06:53:952 [81f907f6][ADB] Could not find online devices
2026-01-08 12:06:53:952 [81f907f6][ADB] Reconnecting adb (target offline)
2026-01-08 12:06:53:952 [81f907f6][ADB] Running '/opt/homebrew/Caskroom/android-platform-tools/36.0.2/platform-tools/adb -P 5037 reconnect offline'
2026-01-08 12:06:54:167 [81f907f6][ADB] Getting connected devices
2026-01-08 12:06:54:191 [81f907f6][ADB] No connected devices have been detected
2026-01-08 12:06:54:191 [81f907f6][ADB] Could not find online devices
2026-01-08 12:06:54:191 [81f907f6][ADB] Reconnecting adb (target offline)
2026-01-08 12:06:54:191 [81f907f6][ADB] Running '/opt/homebrew/Caskroom/android-platform-tools/36.0.2/platform-tools/adb -P 5037 reconnect offline'
2026-01-08 12:06:54:406 [81f907f6][ADB] Getting connected devices
2026-01-08 12:06:54:429 [81f907f6][ADB] No connected devices have been detected
2026-01-08 12:06:54:429 [81f907f6][ADB] Could not find online devices
2026-01-08 12:06:54:429 [81f907f6][ADB] Reconnecting adb (target offline)
2026-01-08 12:06:54:429 [81f907f6][ADB] Running '/opt/homebrew/Caskroom/android-platform-tools/36.0.2/platform-tools/adb -P 5037 reconnect offline'
2026-01-08 12:06:54:645 [81f907f6][ADB] Getting connected devices
2026-01-08 12:06:54:669 [81f907f6][ADB] No connected devices have been detected
2026-01-08 12:06:54:669 [81f907f6][ADB] Could not find online devices
2026-01-08 12:06:54:669 [81f907f6][ADB] Reconnecting adb (target offline)
2026-01-08 12:06:54:670 [81f907f6][ADB] Running '/opt/homebrew/Caskroom/android-platform-tools/36.0.2/platform-tools/adb -P 5037 reconnect offline'
2026-01-08 12:06:54:887 [81f907f6][ADB] Getting connected devices
2026-01-08 12:06:54:899 [81f907f6][ADB] No connected devices have been detected
2026-01-08 12:06:54:900 [81f907f6][ADB] Could not find online devices
2026-01-08 12:06:54:900 [81f907f6][ADB] Reconnecting adb (target offline)
2026-01-08 12:06:54:900 [81f907f6][ADB] Running '/opt/homebrew/Caskroom/android-platform-tools/36.0.2/platform-tools/adb -P 5037 reconnect offline'
2026-01-08 12:06:55:112 [81f907f6][ADB] Getting connected devices
2026-01-08 12:06:55:130 [81f907f6][ADB] No connected devices have been detected
2026-01-08 12:06:55:130 [81f907f6][ADB] Could not find online devices
2026-01-08 12:06:55:130 [81f907f6][ADB] Reconnecting adb (target offline)
2026-01-08 12:06:55:130 [81f907f6][ADB] Running '/opt/homebrew/Caskroom/android-platform-tools/36.0.2/platform-tools/adb -P 5037 reconnect offline'
2026-01-08 12:06:55:346 [81f907f6][ADB] Getting connected devices
2026-01-08 12:06:55:371 [81f907f6][ADB] No connected devices have been detected
2026-01-08 12:06:55:371 [81f907f6][ADB] Could not find online devices
2026-01-08 12:06:55:371 [81f907f6][ADB] Reconnecting adb (target offline)
2026-01-08 12:06:55:371 [81f907f6][ADB] Running '/opt/homebrew/Caskroom/android-platform-tools/36.0.2/platform-tools/adb -P 5037 reconnect offline'
2026-01-08 12:06:55:587 [81f907f6][ADB] Getting connected devices
2026-01-08 12:06:55:603 [81f907f6][ADB] No connected devices have been detected
2026-01-08 12:06:55:603 [81f907f6][ADB] Could not find online devices
2026-01-08 12:06:55:603 [81f907f6][ADB] Reconnecting adb (target offline)
2026-01-08 12:06:55:603 [81f907f6][ADB] Running '/opt/homebrew/Caskroom/android-platform-tools/36.0.2/platform-tools/adb -P 5037 reconnect offline'
2026-01-08 12:06:55:817 [81f907f6][ADB] Getting connected devices
2026-01-08 12:06:55:842 [81f907f6][ADB] No connected devices have been detected
2026-01-08 12:06:55:842 [81f907f6][ADB] Could not find online devices
2026-01-08 12:06:55:842 [81f907f6][ADB] Reconnecting adb (target offline)
2026-01-08 12:06:55:842 [81f907f6][ADB] Running '/opt/homebrew/Caskroom/android-platform-tools/36.0.2/platform-tools/adb -P 5037 reconnect offline'
2026-01-08 12:06:56:059 [81f907f6][ADB] Getting connected devices
2026-01-08 12:06:56:082 [81f907f6][ADB] No connected devices have been detected
2026-01-08 12:06:56:082 [81f907f6][ADB] Could not find online devices
2026-01-08 12:06:56:082 [81f907f6][ADB] Reconnecting adb (target offline)
2026-01-08 12:06:56:082 [81f907f6][ADB] Running '/opt/homebrew/Caskroom/android-platform-tools/36.0.2/platform-tools/adb -P 5037 reconnect offline'
2026-01-08 12:06:56:298 [81f907f6][ADB] Getting connected devices
2026-01-08 12:06:56:322 [81f907f6][ADB] No connected devices have been detected
2026-01-08 12:06:56:322 [81f907f6][ADB] Could not find online devices
2026-01-08 12:06:56:322 [81f907f6][ADB] Reconnecting adb (target offline)
2026-01-08 12:06:56:322 [81f907f6][ADB] Running '/opt/homebrew/Caskroom/android-platform-tools/36.0.2/platform-tools/adb -P 5037 reconnect offline'
2026-01-08 12:06:56:539 [81f907f6][ADB] Getting connected devices
2026-01-08 12:06:56:563 [81f907f6][ADB] No connected devices have been detected
2026-01-08 12:06:56:563 [81f907f6][ADB] Could not find online devices
2026-01-08 12:06:56:563 [81f907f6][ADB] Reconnecting adb (target offline)
2026-01-08 12:06:56:564 [81f907f6][ADB] Running '/opt/homebrew/Caskroom/android-platform-tools/36.0.2/platform-tools/adb -P 5037 reconnect offline'
2026-01-08 12:06:56:781 [81f907f6][ADB] Getting connected devices
2026-01-08 12:06:56:805 [81f907f6][ADB] No connected devices have been detected
2026-01-08 12:06:56:805 [81f907f6][ADB] Could not find online devices
2026-01-08 12:06:56:805 [81f907f6][ADB] Reconnecting adb (target offline)
2026-01-08 12:06:56:805 [81f907f6][ADB] Running '/opt/homebrew/Caskroom/android-platform-tools/36.0.2/platform-tools/adb -P 5037 reconnect offline'
2026-01-08 12:06:57:021 [81f907f6][ADB] Getting connected devices
2026-01-08 12:06:57:045 [81f907f6][ADB] No connected devices have been detected
2026-01-08 12:06:57:045 [81f907f6][ADB] Could not find online devices
2026-01-08 12:06:57:045 [81f907f6][ADB] Reconnecting adb (target offline)
2026-01-08 12:06:57:045 [81f907f6][ADB] Running '/opt/homebrew/Caskroom/android-platform-tools/36.0.2/platform-tools/adb -P 5037 reconnect offline'
2026-01-08 12:06:57:261 [81f907f6][ADB] Getting connected devices
2026-01-08 12:06:57:285 [81f907f6][ADB] No connected devices have been detected
2026-01-08 12:06:57:285 [81f907f6][ADB] Could not find online devices
2026-01-08 12:06:57:285 [81f907f6][ADB] Reconnecting adb (target offline)
2026-01-08 12:06:57:285 [81f907f6][ADB] Running '/opt/homebrew/Caskroom/android-platform-tools/36.0.2/platform-tools/adb -P 5037 reconnect offline'
2026-01-08 12:06:57:501 [81f907f6][ADB] Getting connected devices
2026-01-08 12:06:57:527 [81f907f6][ADB] No connected devices have been detected
2026-01-08 12:06:57:527 [81f907f6][ADB] Could not find online devices
2026-01-08 12:06:57:527 [81f907f6][ADB] Reconnecting adb (target offline)
2026-01-08 12:06:57:527 [81f907f6][ADB] Running '/opt/homebrew/Caskroom/android-platform-tools/36.0.2/platform-tools/adb -P 5037 reconnect offline'
2026-01-08 12:06:57:745 [81f907f6][ADB] Getting connected devices
2026-01-08 12:06:57:769 [81f907f6][ADB] No connected devices have been detected
2026-01-08 12:06:57:769 [81f907f6][ADB] Could not find online devices
2026-01-08 12:06:57:769 [81f907f6][ADB] Reconnecting adb (target offline)
2026-01-08 12:06:57:769 [81f907f6][ADB] Running '/opt/homebrew/Caskroom/android-platform-tools/36.0.2/platform-tools/adb -P 5037 reconnect offline'
2026-01-08 12:06:57:987 [81f907f6][ADB] Getting connected devices
2026-01-08 12:06:58:010 [81f907f6][ADB] No connected devices have been detected
2026-01-08 12:06:58:010 [81f907f6][ADB] Could not find online devices
2026-01-08 12:06:58:010 [81f907f6][ADB] Reconnecting adb (target offline)
2026-01-08 12:06:58:010 [81f907f6][ADB] Running '/opt/homebrew/Caskroom/android-platform-tools/36.0.2/platform-tools/adb -P 5037 reconnect offline'
2026-01-08 12:06:58:226 [81f907f6][ADB] Getting connected devices
2026-01-08 12:06:58:252 [81f907f6][ADB] No connected devices have been detected
2026-01-08 12:06:58:253 [81f907f6][ADB] Could not find online devices
2026-01-08 12:06:58:253 [81f907f6][ADB] Reconnecting adb (target offline)
2026-01-08 12:06:58:253 [81f907f6][ADB] Running '/opt/homebrew/Caskroom/android-platform-tools/36.0.2/platform-tools/adb -P 5037 reconnect offline'
2026-01-08 12:06:58:473 [81f907f6][ADB] Getting connected devices
2026-01-08 12:06:58:494 [81f907f6][ADB] No connected devices have been detected
2026-01-08 12:06:58:494 [81f907f6][ADB] Could not find online devices
2026-01-08 12:06:58:494 [81f907f6][ADB] Reconnecting adb (target offline)
2026-01-08 12:06:58:494 [81f907f6][ADB] Running '/opt/homebrew/Caskroom/android-platform-tools/36.0.2/platform-tools/adb -P 5037 reconnect offline'
2026-01-08 12:06:58:709 [81f907f6][ADB] Getting connected devices
2026-01-08 12:06:58:732 [81f907f6][ADB] No connected devices have been detected
2026-01-08 12:06:58:732 [81f907f6][ADB] Could not find online devices
2026-01-08 12:06:58:732 [81f907f6][ADB] Reconnecting adb (target offline)
2026-01-08 12:06:58:732 [81f907f6][ADB] Running '/opt/homebrew/Caskroom/android-platform-tools/36.0.2/platform-tools/adb -P 5037 reconnect offline'
2026-01-08 12:06:58:949 [81f907f6][ADB] Getting connected devices
2026-01-08 12:06:58:975 [81f907f6][ADB] No connected devices have been detected
2026-01-08 12:06:58:975 [81f907f6][ADB] Could not find online devices
2026-01-08 12:06:58:975 [81f907f6][ADB] Reconnecting adb (target offline)
2026-01-08 12:06:58:975 [81f907f6][ADB] Running '/opt/homebrew/Caskroom/android-platform-tools/36.0.2/platform-tools/adb -P 5037 reconnect offline'
2026-01-08 12:06:59:193 [81f907f6][ADB] Getting connected devices
2026-01-08 12:06:59:212 [81f907f6][ADB] No connected devices have been detected
2026-01-08 12:06:59:212 [81f907f6][ADB] Could not find online devices
2026-01-08 12:06:59:212 [81f907f6][ADB] Reconnecting adb (target offline)
2026-01-08 12:06:59:212 [81f907f6][ADB] Running '/opt/homebrew/Caskroom/android-platform-tools/36.0.2/platform-tools/adb -P 5037 reconnect offline'
2026-01-08 12:06:59:427 [81f907f6][ADB] Getting connected devices
2026-01-08 12:06:59:443 [81f907f6][ADB] No connected devices have been detected
2026-01-08 12:06:59:443 [81f907f6][ADB] Could not find online devices
2026-01-08 12:06:59:443 [81f907f6][ADB] Reconnecting adb (target offline)
2026-01-08 12:06:59:443 [81f907f6][ADB] Running '/opt/homebrew/Caskroom/android-platform-tools/36.0.2/platform-tools/adb -P 5037 reconnect offline'
2026-01-08 12:06:59:657 [81f907f6][ADB] Getting connected devices
2026-01-08 12:06:59:681 [81f907f6][ADB] No connected devices have been detected
2026-01-08 12:06:59:681 [81f907f6][ADB] Could not find online devices
2026-01-08 12:06:59:682 [81f907f6][ADB] Reconnecting adb (target offline)
2026-01-08 12:06:59:682 [81f907f6][ADB] Running '/opt/homebrew/Caskroom/android-platform-tools/36.0.2/platform-tools/adb -P 5037 reconnect offline'
2026-01-08 12:06:59:899 [81f907f6][ADB] Getting connected devices
2026-01-08 12:06:59:915 [81f907f6][ADB] No connected devices have been detected
2026-01-08 12:06:59:915 [81f907f6][ADB] Could not find online devices
2026-01-08 12:06:59:915 [81f907f6][ADB] Reconnecting adb (target offline)
2026-01-08 12:06:59:915 [81f907f6][ADB] Running '/opt/homebrew/Caskroom/android-platform-tools/36.0.2/platform-tools/adb -P 5037 reconnect offline'
2026-01-08 12:07:00:128 [81f907f6][ADB] Getting connected devices
2026-01-08 12:07:00:154 [81f907f6][ADB] No connected devices have been detected
2026-01-08 12:07:00:154 [81f907f6][ADB] Could not find online devices
2026-01-08 12:07:00:154 [81f907f6][ADB] Reconnecting adb (target offline)
2026-01-08 12:07:00:154 [81f907f6][ADB] Running '/opt/homebrew/Caskroom/android-platform-tools/36.0.2/platform-tools/adb -P 5037 reconnect offline'
2026-01-08 12:07:00:371 [81f907f6][ADB] Getting connected devices
2026-01-08 12:07:00:395 [81f907f6][ADB] No connected devices have been detected
2026-01-08 12:07:00:395 [81f907f6][ADB] Could not find online devices
2026-01-08 12:07:00:395 [81f907f6][ADB] Reconnecting adb (target offline)
2026-01-08 12:07:00:395 [81f907f6][ADB] Running '/opt/homebrew/Caskroom/android-platform-tools/36.0.2/platform-tools/adb -P 5037 reconnect offline'
2026-01-08 12:07:00:611 [81f907f6][ADB] Getting connected devices
2026-01-08 12:07:00:634 [81f907f6][ADB] No connected devices have been detected
2026-01-08 12:07:00:634 [81f907f6][ADB] Could not find online devices
2026-01-08 12:07:00:634 [81f907f6][ADB] Reconnecting adb (target offline)
2026-01-08 12:07:00:634 [81f907f6][ADB] Running '/opt/homebrew/Caskroom/android-platform-tools/36.0.2/platform-tools/adb -P 5037 reconnect offline'
2026-01-08 12:07:00:849 [81f907f6][ADB] Getting connected devices
2026-01-08 12:07:00:873 [81f907f6][ADB] No connected devices have been detected
2026-01-08 12:07:00:873 [81f907f6][ADB] Could not find online devices
2026-01-08 12:07:00:873 [81f907f6][ADB] Reconnecting adb (target offline)
2026-01-08 12:07:00:873 [81f907f6][ADB] Running '/opt/homebrew/Caskroom/android-platform-tools/36.0.2/platform-tools/adb -P 5037 reconnect offline'
2026-01-08 12:07:01:089 [81f907f6][ADB] Getting connected devices
2026-01-08 12:07:01:107 [81f907f6][ADB] No connected devices have been detected
2026-01-08 12:07:01:107 [81f907f6][ADB] Could not find online devices
2026-01-08 12:07:01:107 [81f907f6][ADB] Reconnecting adb (target offline)
2026-01-08 12:07:01:107 [81f907f6][ADB] Running '/opt/homebrew/Caskroom/android-platform-tools/36.0.2/platform-tools/adb -P 5037 reconnect offline'
2026-01-08 12:07:01:320 [81f907f6][ADB] Getting connected devices
2026-01-08 12:07:01:346 [81f907f6][ADB] No connected devices have been detected
2026-01-08 12:07:01:346 [81f907f6][ADB] Could not find online devices
2026-01-08 12:07:01:346 [81f907f6][ADB] Reconnecting adb (target offline)
2026-01-08 12:07:01:346 [81f907f6][ADB] Running '/opt/homebrew/Caskroom/android-platform-tools/36.0.2/platform-tools/adb -P 5037 reconnect offline'
2026-01-08 12:07:01:562 [81f907f6][ADB] Getting connected devices
2026-01-08 12:07:01:583 [81f907f6][ADB] No connected devices have been detected
2026-01-08 12:07:01:583 [81f907f6][ADB] Could not find online devices
2026-01-08 12:07:01:583 [81f907f6][ADB] Reconnecting adb (target offline)
2026-01-08 12:07:01:583 [81f907f6][ADB] Running '/opt/homebrew/Caskroom/android-platform-tools/36.0.2/platform-tools/adb -P 5037 reconnect offline'
2026-01-08 12:07:01:799 [81f907f6][ADB] Getting connected devices
2026-01-08 12:07:01:820 [81f907f6][ADB] No connected devices have been detected
2026-01-08 12:07:01:820 [81f907f6][ADB] Could not find online devices
2026-01-08 12:07:01:820 [81f907f6][ADB] Reconnecting adb (target offline)
2026-01-08 12:07:01:820 [81f907f6][ADB] Running '/opt/homebrew/Caskroom/android-platform-tools/36.0.2/platform-tools/adb -P 5037 reconnect offline'
2026-01-08 12:07:02:036 [81f907f6][ADB] Getting connected devices
2026-01-08 12:07:02:061 [81f907f6][ADB] No connected devices have been detected
2026-01-08 12:07:02:061 [81f907f6][ADB] Could not find online devices
2026-01-08 12:07:02:061 [81f907f6][ADB] Reconnecting adb (target offline)
2026-01-08 12:07:02:061 [81f907f6][ADB] Running '/opt/homebrew/Caskroom/android-platform-tools/36.0.2/platform-tools/adb -P 5037 reconnect offline'
2026-01-08 12:07:02:276 [81f907f6][ADB] Getting connected devices
2026-01-08 12:07:02:298 [81f907f6][ADB] No connected devices have been detected
2026-01-08 12:07:02:298 [81f907f6][ADB] Could not find online devices
2026-01-08 12:07:02:298 [81f907f6][ADB] Reconnecting adb (target offline)
2026-01-08 12:07:02:298 [81f907f6][ADB] Running '/opt/homebrew/Caskroom/android-platform-tools/36.0.2/platform-tools/adb -P 5037 reconnect offline'
2026-01-08 12:07:02:513 [81f907f6][ADB] Getting connected devices
2026-01-08 12:07:02:537 [81f907f6][ADB] No connected devices have been detected
2026-01-08 12:07:02:537 [81f907f6][ADB] Could not find online devices
2026-01-08 12:07:02:537 [81f907f6][ADB] Reconnecting adb (target offline)
2026-01-08 12:07:02:537 [81f907f6][ADB] Running '/opt/homebrew/Caskroom/android-platform-tools/36.0.2/platform-tools/adb -P 5037 reconnect offline'
2026-01-08 12:07:02:753 [81f907f6][ADB] Getting connected devices
2026-01-08 12:07:02:779 [81f907f6][ADB] No connected devices have been detected
2026-01-08 12:07:02:779 [81f907f6][ADB] Could not find online devices
2026-01-08 12:07:02:779 [81f907f6][ADB] Reconnecting adb (target offline)
2026-01-08 12:07:02:779 [81f907f6][ADB] Running '/opt/homebrew/Caskroom/android-platform-tools/36.0.2/platform-tools/adb -P 5037 reconnect offline'
2026-01-08 12:07:02:996 [81f907f6][ADB] Getting connected devices
2026-01-08 12:07:03:021 [81f907f6][ADB] No connected devices have been detected
2026-01-08 12:07:03:021 [81f907f6][ADB] Could not find online devices
2026-01-08 12:07:03:021 [81f907f6][ADB] Reconnecting adb (target offline)
2026-01-08 12:07:03:021 [81f907f6][ADB] Running '/opt/homebrew/Caskroom/android-platform-tools/36.0.2/platform-tools/adb -P 5037 reconnect offline'
2026-01-08 12:07:03:238 [81f907f6][ADB] Getting connected devices
2026-01-08 12:07:03:262 [81f907f6][ADB] No connected devices have been detected
2026-01-08 12:07:03:262 [81f907f6][ADB] Could not find online devices
2026-01-08 12:07:03:262 [81f907f6][ADB] Reconnecting adb (target offline)
2026-01-08 12:07:03:262 [81f907f6][ADB] Running '/opt/homebrew/Caskroom/android-platform-tools/36.0.2/platform-tools/adb -P 5037 reconnect offline'
2026-01-08 12:07:03:477 [81f907f6][ADB] Getting connected devices
2026-01-08 12:07:03:502 [81f907f6][ADB] No connected devices have been detected
2026-01-08 12:07:03:502 [81f907f6][ADB] Could not find online devices
2026-01-08 12:07:03:502 [81f907f6][ADB] Reconnecting adb (target offline)
2026-01-08 12:07:03:502 [81f907f6][ADB] Running '/opt/homebrew/Caskroom/android-platform-tools/36.0.2/platform-tools/adb -P 5037 reconnect offline'
2026-01-08 12:07:03:717 [81f907f6][ADB] Getting connected devices
2026-01-08 12:07:03:740 [81f907f6][ADB] No connected devices have been detected
2026-01-08 12:07:03:740 [81f907f6][ADB] Could not find online devices
2026-01-08 12:07:03:740 [81f907f6][ADB] Reconnecting adb (target offline)
2026-01-08 12:07:03:740 [81f907f6][ADB] Running '/opt/homebrew/Caskroom/android-platform-tools/36.0.2/platform-tools/adb -P 5037 reconnect offline'
2026-01-08 12:07:03:956 [81f907f6][ADB] Getting connected devices
2026-01-08 12:07:03:980 [81f907f6][ADB] No connected devices have been detected
2026-01-08 12:07:03:980 [81f907f6][ADB] Could not find online devices
2026-01-08 12:07:03:980 [81f907f6][ADB] Reconnecting adb (target offline)
2026-01-08 12:07:03:980 [81f907f6][ADB] Running '/opt/homebrew/Caskroom/android-platform-tools/36.0.2/platform-tools/adb -P 5037 reconnect offline'
2026-01-08 12:07:04:197 [81f907f6][ADB] Getting connected devices
2026-01-08 12:07:04:223 [81f907f6][ADB] No connected devices have been detected
2026-01-08 12:07:04:223 [81f907f6][ADB] Could not find online devices
2026-01-08 12:07:04:223 [81f907f6][ADB] Reconnecting adb (target offline)
2026-01-08 12:07:04:223 [81f907f6][ADB] Running '/opt/homebrew/Caskroom/android-platform-tools/36.0.2/platform-tools/adb -P 5037 reconnect offline'
2026-01-08 12:07:04:439 [81f907f6][ADB] Getting connected devices
2026-01-08 12:07:04:466 [81f907f6][ADB] No connected devices have been detected
2026-01-08 12:07:04:466 [81f907f6][ADB] Could not find online devices
2026-01-08 12:07:04:466 [81f907f6][ADB] Reconnecting adb (target offline)
2026-01-08 12:07:04:466 [81f907f6][ADB] Running '/opt/homebrew/Caskroom/android-platform-tools/36.0.2/platform-tools/adb -P 5037 reconnect offline'
2026-01-08 12:07:04:683 [81f907f6][ADB] Getting connected devices
2026-01-08 12:07:04:706 [81f907f6][ADB] No connected devices have been detected
2026-01-08 12:07:04:706 [81f907f6][ADB] Could not find online devices
2026-01-08 12:07:04:706 [81f907f6][ADB] Reconnecting adb (target offline)
2026-01-08 12:07:04:706 [81f907f6][ADB] Running '/opt/homebrew/Caskroom/android-platform-tools/36.0.2/platform-tools/adb -P 5037 reconnect offline'
2026-01-08 12:07:04:922 [81f907f6][ADB] Getting connected devices
2026-01-08 12:07:04:938 [81f907f6][ADB] No connected devices have been detected
2026-01-08 12:07:04:938 [81f907f6][ADB] Could not find online devices
2026-01-08 12:07:04:938 [81f907f6][ADB] Reconnecting adb (target offline)
2026-01-08 12:07:04:938 [81f907f6][ADB] Running '/opt/homebrew/Caskroom/android-platform-tools/36.0.2/platform-tools/adb -P 5037 reconnect offline'
2026-01-08 12:07:05:151 [81f907f6][ADB] Getting connected devices
2026-01-08 12:07:05:173 [81f907f6][ADB] No connected devices have been detected
2026-01-08 12:07:05:173 [81f907f6][ADB] Could not find online devices
2026-01-08 12:07:05:173 [81f907f6][ADB] Reconnecting adb (target offline)
2026-01-08 12:07:05:173 [81f907f6][ADB] Running '/opt/homebrew/Caskroom/android-platform-tools/36.0.2/platform-tools/adb -P 5037 reconnect offline'
2026-01-08 12:07:05:389 [81f907f6][ADB] Getting connected devices
2026-01-08 12:07:05:422 [81f907f6][ADB] No connected devices have been detected
2026-01-08 12:07:05:422 [81f907f6][ADB] Could not find online devices
2026-01-08 12:07:05:422 [81f907f6][ADB] Reconnecting adb (target offline)
2026-01-08 12:07:05:422 [81f907f6][ADB] Running '/opt/homebrew/Caskroom/android-platform-tools/36.0.2/platform-tools/adb -P 5037 reconnect offline'
2026-01-08 12:07:05:640 [81f907f6][ADB] Getting connected devices
2026-01-08 12:07:05:664 [81f907f6][ADB] No connected devices have been detected
2026-01-08 12:07:05:664 [81f907f6][ADB] Could not find online devices
2026-01-08 12:07:05:664 [81f907f6][ADB] Reconnecting adb (target offline)
2026-01-08 12:07:05:664 [81f907f6][ADB] Running '/opt/homebrew/Caskroom/android-platform-tools/36.0.2/platform-tools/adb -P 5037 reconnect offline'
2026-01-08 12:07:05:880 [81f907f6][ADB] Getting connected devices
2026-01-08 12:07:05:900 [81f907f6][ADB] No connected devices have been detected
2026-01-08 12:07:05:900 [81f907f6][ADB] Could not find online devices
2026-01-08 12:07:05:900 [81f907f6][ADB] Reconnecting adb (target offline)
2026-01-08 12:07:05:900 [81f907f6][ADB] Running '/opt/homebrew/Caskroom/android-platform-tools/36.0.2/platform-tools/adb -P 5037 reconnect offline'
2026-01-08 12:07:06:115 [81f907f6][ADB] Getting connected devices
2026-01-08 12:07:06:135 [81f907f6][ADB] No connected devices have been detected
2026-01-08 12:07:06:135 [81f907f6][ADB] Could not find online devices
2026-01-08 12:07:06:135 [81f907f6][ADB] Reconnecting adb (target offline)
2026-01-08 12:07:06:135 [81f907f6][ADB] Running '/opt/homebrew/Caskroom/android-platform-tools/36.0.2/platform-tools/adb -P 5037 reconnect offline'
2026-01-08 12:07:06:350 [81f907f6][ADB] Getting connected devices
2026-01-08 12:07:06:368 [81f907f6][ADB] No connected devices have been detected
2026-01-08 12:07:06:368 [81f907f6][ADB] Could not find online devices
2026-01-08 12:07:06:368 [81f907f6][ADB] Reconnecting adb (target offline)
2026-01-08 12:07:06:368 [81f907f6][ADB] Running '/opt/homebrew/Caskroom/android-platform-tools/36.0.2/platform-tools/adb -P 5037 reconnect offline'
2026-01-08 12:07:06:583 [81f907f6][ADB] Getting connected devices
2026-01-08 12:07:06:595 [81f907f6][ADB] No connected devices have been detected
2026-01-08 12:07:06:595 [81f907f6][ADB] Could not find online devices
2026-01-08 12:07:06:595 [81f907f6][ADB] Reconnecting adb (target offline)
2026-01-08 12:07:06:596 [81f907f6][ADB] Running '/opt/homebrew/Caskroom/android-platform-tools/36.0.2/platform-tools/adb -P 5037 reconnect offline'
2026-01-08 12:07:06:809 [81f907f6][ADB] Getting connected devices
2026-01-08 12:07:06:827 [81f907f6][ADB] No connected devices have been detected
2026-01-08 12:07:06:827 [81f907f6][ADB] Could not find online devices
2026-01-08 12:07:06:828 [81f907f6][ADB] Reconnecting adb (target offline)
2026-01-08 12:07:06:828 [81f907f6][ADB] Running '/opt/homebrew/Caskroom/android-platform-tools/36.0.2/platform-tools/adb -P 5037 reconnect offline'
2026-01-08 12:07:07:043 [81f907f6][ADB] Getting connected devices
2026-01-08 12:07:07:071 [81f907f6][ADB] No connected devices have been detected
2026-01-08 12:07:07:071 [81f907f6][ADB] Could not find online devices
2026-01-08 12:07:07:071 [81f907f6][ADB] Reconnecting adb (target offline)
2026-01-08 12:07:07:071 [81f907f6][ADB] Running '/opt/homebrew/Caskroom/android-platform-tools/36.0.2/platform-tools/adb -P 5037 reconnect offline'
2026-01-08 12:07:07:294 [81f907f6][ADB] Getting connected devices
2026-01-08 12:07:07:319 [81f907f6][ADB] No connected devices have been detected
2026-01-08 12:07:07:319 [81f907f6][ADB] Could not find online devices
2026-01-08 12:07:07:319 [81f907f6][ADB] Reconnecting adb (target offline)
2026-01-08 12:07:07:319 [81f907f6][ADB] Running '/opt/homebrew/Caskroom/android-platform-tools/36.0.2/platform-tools/adb -P 5037 reconnect offline'
2026-01-08 12:07:07:535 [81f907f6][ADB] Getting connected devices
2026-01-08 12:07:07:548 [81f907f6][ADB] No connected devices have been detected
2026-01-08 12:07:07:548 [81f907f6][ADB] Could not find online devices
2026-01-08 12:07:07:548 [81f907f6][ADB] Reconnecting adb (target offline)
2026-01-08 12:07:07:548 [81f907f6][ADB] Running '/opt/homebrew/Caskroom/android-platform-tools/36.0.2/platform-tools/adb -P 5037 reconnect offline'
2026-01-08 12:07:07:762 [81f907f6][ADB] Getting connected devices
2026-01-08 12:07:07:784 [81f907f6][ADB] No connected devices have been detected
2026-01-08 12:07:07:784 [81f907f6][ADB] Could not find online devices
2026-01-08 12:07:07:784 [81f907f6][ADB] Reconnecting adb (target offline)
2026-01-08 12:07:07:784 [81f907f6][ADB] Running '/opt/homebrew/Caskroom/android-platform-tools/36.0.2/platform-tools/adb -P 5037 reconnect offline'
2026-01-08 12:07:07:999 [81f907f6][ADB] Getting connected devices
2026-01-08 12:07:08:020 [81f907f6][ADB] No connected devices have been detected
2026-01-08 12:07:08:020 [81f907f6][ADB] Could not find online devices
2026-01-08 12:07:08:020 [81f907f6][ADB] Reconnecting adb (target offline)
2026-01-08 12:07:08:020 [81f907f6][ADB] Running '/opt/homebrew/Caskroom/android-platform-tools/36.0.2/platform-tools/adb -P 5037 reconnect offline'
2026-01-08 12:07:08:234 [81f907f6][ADB] Getting connected devices
2026-01-08 12:07:08:248 [81f907f6][ADB] No connected devices have been detected
2026-01-08 12:07:08:248 [81f907f6][ADB] Could not find online devices
2026-01-08 12:07:08:248 [81f907f6][ADB] Reconnecting adb (target offline)
2026-01-08 12:07:08:248 [81f907f6][ADB] Running '/opt/homebrew/Caskroom/android-platform-tools/36.0.2/platform-tools/adb -P 5037 reconnect offline'
2026-01-08 12:07:08:461 [81f907f6][ADB] Getting connected devices
2026-01-08 12:07:08:478 [81f907f6][ADB] No connected devices have been detected
2026-01-08 12:07:08:478 [81f907f6][ADB] Could not find online devices
2026-01-08 12:07:08:479 [81f907f6][ADB] Reconnecting adb (target offline)
2026-01-08 12:07:08:479 [81f907f6][ADB] Running '/opt/homebrew/Caskroom/android-platform-tools/36.0.2/platform-tools/adb -P 5037 reconnect offline'
2026-01-08 12:07:08:693 [81f907f6][ADB] Getting connected devices
2026-01-08 12:07:08:713 [81f907f6][ADB] No connected devices have been detected
2026-01-08 12:07:08:713 [81f907f6][ADB] Could not find online devices
2026-01-08 12:07:08:713 [81f907f6][ADB] Reconnecting adb (target offline)
2026-01-08 12:07:08:713 [81f907f6][ADB] Running '/opt/homebrew/Caskroom/android-platform-tools/36.0.2/platform-tools/adb -P 5037 reconnect offline'
2026-01-08 12:07:08:926 [81f907f6][ADB] Getting connected devices
2026-01-08 12:07:08:947 [81f907f6][ADB] No connected devices have been detected
2026-01-08 12:07:08:947 [81f907f6][ADB] Could not find online devices
2026-01-08 12:07:08:947 [81f907f6][ADB] Reconnecting adb (target offline)
2026-01-08 12:07:08:948 [81f907f6][ADB] Running '/opt/homebrew/Caskroom/android-platform-tools/36.0.2/platform-tools/adb -P 5037 reconnect offline'
2026-01-08 12:07:09:161 [81f907f6][ADB] Getting connected devices
2026-01-08 12:07:09:177 [81f907f6][ADB] No connected devices have been detected
2026-01-08 12:07:09:177 [81f907f6][ADB] Could not find online devices
2026-01-08 12:07:09:177 [81f907f6][ADB] Reconnecting adb (target offline)
2026-01-08 12:07:09:177 [81f907f6][ADB] Running '/opt/homebrew/Caskroom/android-platform-tools/36.0.2/platform-tools/adb -P 5037 reconnect offline'
2026-01-08 12:07:09:391 [81f907f6][ADB] Getting connected devices
2026-01-08 12:07:09:406 [81f907f6][ADB] No connected devices have been detected
2026-01-08 12:07:09:406 [81f907f6][ADB] Could not find online devices
2026-01-08 12:07:09:406 [81f907f6][ADB] Reconnecting adb (target offline)
2026-01-08 12:07:09:406 [81f907f6][ADB] Running '/opt/homebrew/Caskroom/android-platform-tools/36.0.2/platform-tools/adb -P 5037 reconnect offline'
2026-01-08 12:07:09:620 [81f907f6][ADB] Getting connected devices
2026-01-08 12:07:09:635 [81f907f6][ADB] No connected devices have been detected
2026-01-08 12:07:09:635 [81f907f6][ADB] Could not find online devices
2026-01-08 12:07:09:635 [81f907f6][ADB] Reconnecting adb (target offline)
2026-01-08 12:07:09:635 [81f907f6][ADB] Running '/opt/homebrew/Caskroom/android-platform-tools/36.0.2/platform-tools/adb -P 5037 reconnect offline'
2026-01-08 12:07:09:850 [81f907f6][ADB] Getting connected devices
2026-01-08 12:07:09:862 [81f907f6][ADB] No connected devices have been detected
2026-01-08 12:07:09:862 [81f907f6][ADB] Could not find online devices
2026-01-08 12:07:09:862 [81f907f6][ADB] Reconnecting adb (target offline)
2026-01-08 12:07:09:862 [81f907f6][ADB] Running '/opt/homebrew/Caskroom/android-platform-tools/36.0.2/platform-tools/adb -P 5037 reconnect offline'
2026-01-08 12:07:10:074 [81f907f6][ADB] Getting connected devices
2026-01-08 12:07:10:085 [81f907f6][ADB] No connected devices have been detected
2026-01-08 12:07:10:085 [81f907f6][ADB] Could not find online devices
2026-01-08 12:07:10:086 [81f907f6][ADB] Reconnecting adb (target offline)
2026-01-08 12:07:10:086 [81f907f6][ADB] Running '/opt/homebrew/Caskroom/android-platform-tools/36.0.2/platform-tools/adb -P 5037 reconnect offline'
2026-01-08 12:07:10:296 [81f907f6][ADB] Getting connected devices
2026-01-08 12:07:10:307 [81f907f6][ADB] No connected devices have been detected
2026-01-08 12:07:10:307 [81f907f6][ADB] Could not find online devices
2026-01-08 12:07:10:307 [81f907f6][ADB] Reconnecting adb (target offline)
2026-01-08 12:07:10:307 [81f907f6][ADB] Running '/opt/homebrew/Caskroom/android-platform-tools/36.0.2/platform-tools/adb -P 5037 reconnect offline'
2026-01-08 12:07:10:519 [81f907f6][ADB] Getting connected devices
2026-01-08 12:07:10:535 [81f907f6][ADB] No connected devices have been detected
2026-01-08 12:07:10:535 [81f907f6][ADB] Could not find online devices
2026-01-08 12:07:10:535 [81f907f6][ADB] Reconnecting adb (target offline)
2026-01-08 12:07:10:535 [81f907f6][ADB] Running '/opt/homebrew/Caskroom/android-platform-tools/36.0.2/platform-tools/adb -P 5037 reconnect offline'
2026-01-08 12:07:10:749 [81f907f6][ADB] Getting connected devices
2026-01-08 12:07:10:773 [81f907f6][ADB] No connected devices have been detected
2026-01-08 12:07:10:773 [81f907f6][ADB] Could not find online devices
2026-01-08 12:07:10:773 [81f907f6][ADB] Reconnecting adb (target offline)
2026-01-08 12:07:10:773 [81f907f6][ADB] Running '/opt/homebrew/Caskroom/android-platform-tools/36.0.2/platform-tools/adb -P 5037 reconnect offline'
2026-01-08 12:07:10:989 [81f907f6][ADB] Getting connected devices
2026-01-08 12:07:11:011 [81f907f6][ADB] No connected devices have been detected
2026-01-08 12:07:11:011 [81f907f6][ADB] Could not find online devices
2026-01-08 12:07:11:011 [81f907f6][ADB] Reconnecting adb (target offline)
2026-01-08 12:07:11:011 [81f907f6][ADB] Running '/opt/homebrew/Caskroom/android-platform-tools/36.0.2/platform-tools/adb -P 5037 reconnect offline'
2026-01-08 12:07:11:227 [81f907f6][ADB] Getting connected devices
2026-01-08 12:07:11:251 [81f907f6][ADB] No connected devices have been detected
2026-01-08 12:07:11:251 [81f907f6][ADB] Could not find online devices
2026-01-08 12:07:11:251 [81f907f6][ADB] Reconnecting adb (target offline)
2026-01-08 12:07:11:251 [81f907f6][ADB] Running '/opt/homebrew/Caskroom/android-platform-tools/36.0.2/platform-tools/adb -P 5037 reconnect offline'
2026-01-08 12:07:11:379 [81f907f6][ADB] Getting connected devices
2026-01-08 12:07:11:395 [81f907f6][ADB] No connected devices have been detected
2026-01-08 12:07:11:395 [81f907f6][ADB] Could not find online devices
2026-01-08 12:07:11:395 [81f907f6][ADB] Reconnecting adb (target offline)
2026-01-08 12:07:11:395 [81f907f6][ADB] Running '/opt/homebrew/Caskroom/android-platform-tools/36.0.2/platform-tools/adb -P 5037 reconnect offline'
2026-01-08 12:07:11:409 [81f907f6][38;5;-90m[AndroidUiautomator2Driver@4360] Deleting UiAutomator2 session
2026-01-08 12:07:11:409 [81f907f6][38;5;-90m[AndroidUiautomator2Driver@4360] Unable to stop ChromeDriver proxies: Cannot read properties of undefined (reading 'proxyReqRes')
2026-01-08 12:07:11:409 [81f907f6][AppiumDriver@eb75] Event 'newSessionStarted' logged at 1767874031409 (14:07:11 GMT+0200 (Israel Standard Time))
2026-01-08 12:07:11:409 [81f907f6][AppiumDriver@eb75] Encountered internal error running command: Error: Could not find a connected Android device in 20000ms
    at ADB.getDevicesWithRetry (/Users/eladyerushalmi/.appium/node_modules/appium-uiautomator2-driver/node_modules/appium-adb/lib/tools/system-calls.js:332:13)
    at Object.getDeviceInfoFromCaps (/Users/eladyerushalmi/.appium/node_modules/appium-uiautomator2-driver/node_modules/appium-android-driver/lib/helpers/android.ts:378:23)
    at AndroidUiautomator2Driver.startUiAutomator2Session (/Users/eladyerushalmi/.appium/node_modules/appium-uiautomator2-driver/lib/driver.ts:425:28)
    at AndroidUiautomator2Driver.createSession (/Users/eladyerushalmi/.appium/node_modules/appium-uiautomator2-driver/lib/driver.ts:299:22)
    at AppiumDriver.createSession (/Users/eladyerushalmi/.nvm/versions/node/v22.4.0/lib/node_modules/appium/lib/appium.js:379:35)
2026-01-08 12:07:11:410 [81f907f6][HTTP] <-- POST /session 500 20074 ms - 680 
2026-01-08 12:07:11:425 [HTTP] Request idempotency key: 5d58398f-0c53-405a-a248-cbd53da362ab
2026-01-08 12:07:11:425 [HTTP] --> POST /session {"capabilities":{"firstMatch":[{"appium:noReset":false,"appium:appActivity":"com.saucelabs.mydemoapp.android.view.activities.SplashActivity","appium:deviceName":"emulator-5554","platformName":"ANDROID","appium:automationName":"UiAutomator2","appium:fullReset":false,"appium:app":"/Users/eladyerushalmi/Documents/sauce-sample-app-mobile-automation/src/test/resources/apps/mda.apk","appium:appPackage":"com.saucelabs.mydemoapp.android"}]}}
2026-01-08 12:07:11:425 [AppiumDriver@eb75] Calling AppiumDriver.createSession() with args: [null,null,{"firstMatch":[{"appium:noReset":false,"appium:appActivity":"com.saucelabs.mydemoapp.android.view.activities.SplashActivity","appium:deviceName":"emulator-5554","platformName":"ANDROID","appium:automationName":"UiAutomator2","appium:fullReset":false,"appium:app":"/Users/eladyerushalmi/Documents/sauce-sample-app-mobile-automation/src/test/resources/apps/mda.apk","appium:appPackage":"com.saucelabs.mydemoapp.android"}]}]
2026-01-08 12:07:11:425 [AppiumDriver@eb75] Event 'newSessionRequested' logged at 1767874031425 (14:07:11 GMT+0200 (Israel Standard Time))
2026-01-08 12:07:11:425 [Appium] Attempting to find matching driver for automationName 'UiAutomator2' and platformName 'ANDROID'
2026-01-08 12:07:11:425 [Appium] The 'uiautomator2' driver was installed and matched caps.
2026-01-08 12:07:11:425 [Appium] Will require it at /Users/eladyerushalmi/.appium/node_modules/appium-uiautomator2-driver
2026-01-08 12:07:11:426 [Appium] Requiring driver at /Users/eladyerushalmi/.appium/node_modules/appium-uiautomator2-driver/build/index.js
2026-01-08 12:07:11:426 [AppiumDriver@eb75] Appium v2.19.0 creating new AndroidUiautomator2Driver (v2.42.1) session
2026-01-08 12:07:11:426 [AppiumDriver@eb75] Checking BaseDriver versions for Appium and AndroidUiautomator2Driver
2026-01-08 12:07:11:426 [AppiumDriver@eb75] Appium's BaseDriver version is 9.18.0
2026-01-08 12:07:11:426 [AppiumDriver@eb75] AndroidUiautomator2Driver's BaseDriver version is 9.18.0
2026-01-08 12:07:11:427 [38;5;-173m[AndroidUiautomator2Driver@57ee] 
2026-01-08 12:07:11:427 [38;5;-173m[AndroidUiautomator2Driver@57ee] Creating session with W3C capabilities: {
  "alwaysMatch": {
    "platformName": "ANDROID",
    "appium:noReset": false,
    "appium:appActivity": "com.saucelabs.mydemoapp.android.view.activities.SplashActivity",
    "appium:deviceName": "emulator-5554",
    "appium:automationName": "UiAutomator2",
    "appium:fullReset": false,
    "appium:app": "/Users/eladyerushalmi/Documents/sauce-sample-app-mobile-automation/src/test/resources/apps/mda.apk",
    "appium:appPackage": "com.saucelabs.mydemoapp.android"
  },
  "firstMatch": [
    {}
  ]
}
2026-01-08 12:07:11:428 [a55b96f5][38;5;-173m[AndroidUiautomator2Driver@57ee] Session created with session id: a55b96f5-a3da-4e29-b11c-368e86e5b097
2026-01-08 12:07:11:428 [a55b96f5][BaseDriver] Using local app '/Users/eladyerushalmi/Documents/sauce-sample-app-mobile-automation/src/test/resources/apps/mda.apk'
2026-01-08 12:07:11:454 [a55b96f5][38;5;-173m[AndroidUiautomator2Driver@57ee] Checking whether app is actually present
2026-01-08 12:07:11:454 [a55b96f5][ADB] Using 'adb' from '/opt/homebrew/Caskroom/android-platform-tools/36.0.2/platform-tools/adb'
2026-01-08 12:07:11:454 [a55b96f5][ADB] Running '/opt/homebrew/Caskroom/android-platform-tools/36.0.2/platform-tools/adb -P 5037 start-server'
2026-01-08 12:07:11:466 [a55b96f5][AndroidDriver] Retrieving device list
2026-01-08 12:07:11:466 [a55b96f5][ADB] Trying to find connected Android devices
2026-01-08 12:07:11:466 [a55b96f5][ADB] Getting connected devices
2026-01-08 12:07:11:476 [a55b96f5][ADB] No connected devices have been detected
2026-01-08 12:07:11:476 [a55b96f5][ADB] Could not find online devices
2026-01-08 12:07:11:476 [a55b96f5][ADB] Reconnecting adb (target offline)
2026-01-08 12:07:11:476 [a55b96f5][ADB] Running '/opt/homebrew/Caskroom/android-platform-tools/36.0.2/platform-tools/adb -P 5037 reconnect offline'
2026-01-08 12:07:11:688 [a55b96f5][ADB] Getting connected devices
2026-01-08 12:07:11:707 [a55b96f5][ADB] No connected devices have been detected
2026-01-08 12:07:11:707 [a55b96f5][ADB] Could not find online devices
2026-01-08 12:07:11:707 [a55b96f5][ADB] Reconnecting adb (target offline)
2026-01-08 12:07:11:707 [a55b96f5][ADB] Running '/opt/homebrew/Caskroom/android-platform-tools/36.0.2/platform-tools/adb -P 5037 reconnect offline'
2026-01-08 12:07:11:922 [a55b96f5][ADB] Getting connected devices
2026-01-08 12:07:11:935 [a55b96f5][ADB] No connected devices have been detected
2026-01-08 12:07:11:935 [a55b96f5][ADB] Could not find online devices
2026-01-08 12:07:11:935 [a55b96f5][ADB] Reconnecting adb (target offline)
2026-01-08 12:07:11:935 [a55b96f5][ADB] Running '/opt/homebrew/Caskroom/android-platform-tools/36.0.2/platform-tools/adb -P 5037 reconnect offline'
2026-01-08 12:07:12:149 [a55b96f5][ADB] Getting connected devices
2026-01-08 12:07:12:170 [a55b96f5][ADB] No connected devices have been detected
2026-01-08 12:07:12:170 [a55b96f5][ADB] Could not find online devices
2026-01-08 12:07:12:170 [a55b96f5][ADB] Reconnecting adb (target offline)
2026-01-08 12:07:12:170 [a55b96f5][ADB] Running '/opt/homebrew/Caskroom/android-platform-tools/36.0.2/platform-tools/adb -P 5037 reconnect offline'
2026-01-08 12:07:12:385 [a55b96f5][ADB] Getting connected devices
2026-01-08 12:07:12:412 [a55b96f5][ADB] No connected devices have been detected
2026-01-08 12:07:12:412 [a55b96f5][ADB] Could not find online devices
2026-01-08 12:07:12:412 [a55b96f5][ADB] Reconnecting adb (target offline)
2026-01-08 12:07:12:412 [a55b96f5][ADB] Running '/opt/homebrew/Caskroom/android-platform-tools/36.0.2/platform-tools/adb -P 5037 reconnect offline'
2026-01-08 12:07:12:627 [a55b96f5][ADB] Getting connected devices
2026-01-08 12:07:12:649 [a55b96f5][ADB] No connected devices have been detected
2026-01-08 12:07:12:649 [a55b96f5][ADB] Could not find online devices
2026-01-08 12:07:12:649 [a55b96f5][ADB] Reconnecting adb (target offline)
2026-01-08 12:07:12:649 [a55b96f5][ADB] Running '/opt/homebrew/Caskroom/android-platform-tools/36.0.2/platform-tools/adb -P 5037 reconnect offline'
2026-01-08 12:07:12:864 [a55b96f5][ADB] Getting connected devices
2026-01-08 12:07:12:885 [a55b96f5][ADB] No connected devices have been detected
2026-01-08 12:07:12:885 [a55b96f5][ADB] Could not find online devices
2026-01-08 12:07:12:885 [a55b96f5][ADB] Reconnecting adb (target offline)
2026-01-08 12:07:12:885 [a55b96f5][ADB] Running '/opt/homebrew/Caskroom/android-platform-tools/36.0.2/platform-tools/adb -P 5037 reconnect offline'
2026-01-08 12:07:13:100 [a55b96f5][ADB] Getting connected devices
2026-01-08 12:07:13:111 [a55b96f5][ADB] No connected devices have been detected
2026-01-08 12:07:13:111 [a55b96f5][ADB] Could not find online devices
2026-01-08 12:07:13:111 [a55b96f5][ADB] Reconnecting adb (target offline)
2026-01-08 12:07:13:111 [a55b96f5][ADB] Running '/opt/homebrew/Caskroom/android-platform-tools/36.0.2/platform-tools/adb -P 5037 reconnect offline'
2026-01-08 12:07:13:323 [a55b96f5][ADB] Getting connected devices
2026-01-08 12:07:13:337 [a55b96f5][ADB] No connected devices have been detected
2026-01-08 12:07:13:337 [a55b96f5][ADB] Could not find online devices
2026-01-08 12:07:13:338 [a55b96f5][ADB] Reconnecting adb (target offline)
2026-01-08 12:07:13:338 [a55b96f5][ADB] Running '/opt/homebrew/Caskroom/android-platform-tools/36.0.2/platform-tools/adb -P 5037 reconnect offline'
2026-01-08 12:07:13:550 [a55b96f5][ADB] Getting connected devices
2026-01-08 12:07:13:572 [a55b96f5][ADB] No connected devices have been detected
2026-01-08 12:07:13:573 [a55b96f5][ADB] Could not find online devices
2026-01-08 12:07:13:573 [a55b96f5][ADB] Reconnecting adb (target offline)
2026-01-08 12:07:13:573 [a55b96f5][ADB] Running '/opt/homebrew/Caskroom/android-platform-tools/36.0.2/platform-tools/adb -P 5037 reconnect offline'
2026-01-08 12:07:13:788 [a55b96f5][ADB] Getting connected devices
2026-01-08 12:07:13:811 [a55b96f5][ADB] No connected devices have been detected
2026-01-08 12:07:13:811 [a55b96f5][ADB] Could not find online devices
2026-01-08 12:07:13:811 [a55b96f5][ADB] Reconnecting adb (target offline)
2026-01-08 12:07:13:811 [a55b96f5][ADB] Running '/opt/homebrew/Caskroom/android-platform-tools/36.0.2/platform-tools/adb -P 5037 reconnect offline'
2026-01-08 12:07:14:027 [a55b96f5][ADB] Getting connected devices
2026-01-08 12:07:14:052 [a55b96f5][ADB] No connected devices have been detected
2026-01-08 12:07:14:052 [a55b96f5][ADB] Could not find online devices
2026-01-08 12:07:14:052 [a55b96f5][ADB] Reconnecting adb (target offline)
2026-01-08 12:07:14:052 [a55b96f5][ADB] Running '/opt/homebrew/Caskroom/android-platform-tools/36.0.2/platform-tools/adb -P 5037 reconnect offline'
2026-01-08 12:07:14:267 [a55b96f5][ADB] Getting connected devices
2026-01-08 12:07:14:290 [a55b96f5][ADB] No connected devices have been detected
2026-01-08 12:07:14:290 [a55b96f5][ADB] Could not find online devices
2026-01-08 12:07:14:290 [a55b96f5][ADB] Reconnecting adb (target offline)
2026-01-08 12:07:14:290 [a55b96f5][ADB] Running '/opt/homebrew/Caskroom/android-platform-tools/36.0.2/platform-tools/adb -P 5037 reconnect offline'
2026-01-08 12:07:14:505 [a55b96f5][ADB] Getting connected devices
2026-01-08 12:07:14:532 [a55b96f5][ADB] No connected devices have been detected
2026-01-08 12:07:14:532 [a55b96f5][ADB] Could not find online devices
2026-01-08 12:07:14:532 [a55b96f5][ADB] Reconnecting adb (target offline)
2026-01-08 12:07:14:532 [a55b96f5][ADB] Running '/opt/homebrew/Caskroom/android-platform-tools/36.0.2/platform-tools/adb -P 5037 reconnect offline'
2026-01-08 12:07:14:750 [a55b96f5][ADB] Getting connected devices
2026-01-08 12:07:14:770 [a55b96f5][ADB] No connected devices have been detected
2026-01-08 12:07:14:770 [a55b96f5][ADB] Could not find online devices
2026-01-08 12:07:14:770 [a55b96f5][ADB] Reconnecting adb (target offline)
2026-01-08 12:07:14:770 [a55b96f5][ADB] Running '/opt/homebrew/Caskroom/android-platform-tools/36.0.2/platform-tools/adb -P 5037 reconnect offline'
2026-01-08 12:07:14:985 [a55b96f5][ADB] Getting connected devices
2026-01-08 12:07:15:005 [a55b96f5][ADB] No connected devices have been detected
2026-01-08 12:07:15:005 [a55b96f5][ADB] Could not find online devices
2026-01-08 12:07:15:006 [a55b96f5][ADB] Reconnecting adb (target offline)
2026-01-08 12:07:15:006 [a55b96f5][ADB] Running '/opt/homebrew/Caskroom/android-platform-tools/36.0.2/platform-tools/adb -P 5037 reconnect offline'
2026-01-08 12:07:15:221 [a55b96f5][ADB] Getting connected devices
2026-01-08 12:07:15:246 [a55b96f5][ADB] No connected devices have been detected
2026-01-08 12:07:15:246 [a55b96f5][ADB] Could not find online devices
2026-01-08 12:07:15:246 [a55b96f5][ADB] Reconnecting adb (target offline)
2026-01-08 12:07:15:247 [a55b96f5][ADB] Running '/opt/homebrew/Caskroom/android-platform-tools/36.0.2/platform-tools/adb -P 5037 reconnect offline'
2026-01-08 12:07:15:463 [a55b96f5][ADB] Getting connected devices
2026-01-08 12:07:15:489 [a55b96f5][ADB] No connected devices have been detected
2026-01-08 12:07:15:489 [a55b96f5][ADB] Could not find online devices
2026-01-08 12:07:15:489 [a55b96f5][ADB] Reconnecting adb (target offline)
2026-01-08 12:07:15:489 [a55b96f5][ADB] Running '/opt/homebrew/Caskroom/android-platform-tools/36.0.2/platform-tools/adb -P 5037 reconnect offline'
2026-01-08 12:07:15:706 [a55b96f5][ADB] Getting connected devices
2026-01-08 12:07:15:728 [a55b96f5][ADB] No connected devices have been detected
2026-01-08 12:07:15:728 [a55b96f5][ADB] Could not find online devices
2026-01-08 12:07:15:728 [a55b96f5][ADB] Reconnecting adb (target offline)
2026-01-08 12:07:15:728 [a55b96f5][ADB] Running '/opt/homebrew/Caskroom/android-platform-tools/36.0.2/platform-tools/adb -P 5037 reconnect offline'
2026-01-08 12:07:15:944 [a55b96f5][ADB] Getting connected devices
2026-01-08 12:07:15:969 [a55b96f5][ADB] No connected devices have been detected
2026-01-08 12:07:15:969 [a55b96f5][ADB] Could not find online devices
2026-01-08 12:07:15:969 [a55b96f5][ADB] Reconnecting adb (target offline)
2026-01-08 12:07:15:969 [a55b96f5][ADB] Running '/opt/homebrew/Caskroom/android-platform-tools/36.0.2/platform-tools/adb -P 5037 reconnect offline'
2026-01-08 12:07:16:187 [a55b96f5][ADB] Getting connected devices
2026-01-08 12:07:16:200 [a55b96f5][ADB] No connected devices have been detected
2026-01-08 12:07:16:200 [a55b96f5][ADB] Could not find online devices
2026-01-08 12:07:16:200 [a55b96f5][ADB] Reconnecting adb (target offline)
2026-01-08 12:07:16:200 [a55b96f5][ADB] Running '/opt/homebrew/Caskroom/android-platform-tools/36.0.2/platform-tools/adb -P 5037 reconnect offline'
2026-01-08 12:07:16:413 [a55b96f5][ADB] Getting connected devices
2026-01-08 12:07:16:434 [a55b96f5][ADB] No connected devices have been detected
2026-01-08 12:07:16:434 [a55b96f5][ADB] Could not find online devices
2026-01-08 12:07:16:434 [a55b96f5][ADB] Reconnecting adb (target offline)
2026-01-08 12:07:16:434 [a55b96f5][ADB] Running '/opt/homebrew/Caskroom/android-platform-tools/36.0.2/platform-tools/adb -P 5037 reconnect offline'
2026-01-08 12:07:16:650 [a55b96f5][ADB] Getting connected devices
2026-01-08 12:07:16:674 [a55b96f5][ADB] No connected devices have been detected
2026-01-08 12:07:16:674 [a55b96f5][ADB] Could not find online devices
2026-01-08 12:07:16:674 [a55b96f5][ADB] Reconnecting adb (target offline)
2026-01-08 12:07:16:674 [a55b96f5][ADB] Running '/opt/homebrew/Caskroom/android-platform-tools/36.0.2/platform-tools/adb -P 5037 reconnect offline'
2026-01-08 12:07:16:891 [a55b96f5][ADB] Getting connected devices
2026-01-08 12:07:16:904 [a55b96f5][ADB] No connected devices have been detected
2026-01-08 12:07:16:904 [a55b96f5][ADB] Could not find online devices
2026-01-08 12:07:16:904 [a55b96f5][ADB] Reconnecting adb (target offline)
2026-01-08 12:07:16:904 [a55b96f5][ADB] Running '/opt/homebrew/Caskroom/android-platform-tools/36.0.2/platform-tools/adb -P 5037 reconnect offline'
2026-01-08 12:07:17:117 [a55b96f5][ADB] Getting connected devices
2026-01-08 12:07:17:144 [a55b96f5][ADB] No connected devices have been detected
2026-01-08 12:07:17:144 [a55b96f5][ADB] Could not find online devices
2026-01-08 12:07:17:144 [a55b96f5][ADB] Reconnecting adb (target offline)
2026-01-08 12:07:17:144 [a55b96f5][ADB] Running '/opt/homebrew/Caskroom/android-platform-tools/36.0.2/platform-tools/adb -P 5037 reconnect offline'
2026-01-08 12:07:17:361 [a55b96f5][ADB] Getting connected devices
2026-01-08 12:07:17:387 [a55b96f5][ADB] No connected devices have been detected
2026-01-08 12:07:17:387 [a55b96f5][ADB] Could not find online devices
2026-01-08 12:07:17:387 [a55b96f5][ADB] Reconnecting adb (target offline)
2026-01-08 12:07:17:387 [a55b96f5][ADB] Running '/opt/homebrew/Caskroom/android-platform-tools/36.0.2/platform-tools/adb -P 5037 reconnect offline'
2026-01-08 12:07:17:603 [a55b96f5][ADB] Getting connected devices
2026-01-08 12:07:17:629 [a55b96f5][ADB] No connected devices have been detected
2026-01-08 12:07:17:629 [a55b96f5][ADB] Could not find online devices
2026-01-08 12:07:17:629 [a55b96f5][ADB] Reconnecting adb (target offline)
2026-01-08 12:07:17:629 [a55b96f5][ADB] Running '/opt/homebrew/Caskroom/android-platform-tools/36.0.2/platform-tools/adb -P 5037 reconnect offline'
2026-01-08 12:07:17:845 [a55b96f5][ADB] Getting connected devices
2026-01-08 12:07:17:865 [a55b96f5][ADB] No connected devices have been detected
2026-01-08 12:07:17:865 [a55b96f5][ADB] Could not find online devices
2026-01-08 12:07:17:865 [a55b96f5][ADB] Reconnecting adb (target offline)
2026-01-08 12:07:17:865 [a55b96f5][ADB] Running '/opt/homebrew/Caskroom/android-platform-tools/36.0.2/platform-tools/adb -P 5037 reconnect offline'
2026-01-08 12:07:18:079 [a55b96f5][ADB] Getting connected devices
2026-01-08 12:07:18:091 [a55b96f5][ADB] No connected devices have been detected
2026-01-08 12:07:18:092 [a55b96f5][ADB] Could not find online devices
2026-01-08 12:07:18:092 [a55b96f5][ADB] Reconnecting adb (target offline)
2026-01-08 12:07:18:092 [a55b96f5][ADB] Running '/opt/homebrew/Caskroom/android-platform-tools/36.0.2/platform-tools/adb -P 5037 reconnect offline'
2026-01-08 12:07:18:305 [a55b96f5][ADB] Getting connected devices
2026-01-08 12:07:18:318 [a55b96f5][ADB] No connected devices have been detected
2026-01-08 12:07:18:319 [a55b96f5][ADB] Could not find online devices
2026-01-08 12:07:18:319 [a55b96f5][ADB] Reconnecting adb (target offline)
2026-01-08 12:07:18:319 [a55b96f5][ADB] Running '/opt/homebrew/Caskroom/android-platform-tools/36.0.2/platform-tools/adb -P 5037 reconnect offline'
2026-01-08 12:07:18:533 [a55b96f5][ADB] Getting connected devices
2026-01-08 12:07:18:561 [a55b96f5][ADB] No connected devices have been detected
2026-01-08 12:07:18:561 [a55b96f5][ADB] Could not find online devices
2026-01-08 12:07:18:561 [a55b96f5][ADB] Reconnecting adb (target offline)
2026-01-08 12:07:18:561 [a55b96f5][ADB] Running '/opt/homebrew/Caskroom/android-platform-tools/36.0.2/platform-tools/adb -P 5037 reconnect offline'
2026-01-08 12:07:18:778 [a55b96f5][ADB] Getting connected devices
2026-01-08 12:07:18:803 [a55b96f5][ADB] No connected devices have been detected
2026-01-08 12:07:18:803 [a55b96f5][ADB] Could not find online devices
2026-01-08 12:07:18:803 [a55b96f5][ADB] Reconnecting adb (target offline)
2026-01-08 12:07:18:803 [a55b96f5][ADB] Running '/opt/homebrew/Caskroom/android-platform-tools/36.0.2/platform-tools/adb -P 5037 reconnect offline'
2026-01-08 12:07:19:020 [a55b96f5][ADB] Getting connected devices
2026-01-08 12:07:19:043 [a55b96f5][ADB] No connected devices have been detected
2026-01-08 12:07:19:043 [a55b96f5][ADB] Could not find online devices
2026-01-08 12:07:19:043 [a55b96f5][ADB] Reconnecting adb (target offline)
2026-01-08 12:07:19:043 [a55b96f5][ADB] Running '/opt/homebrew/Caskroom/android-platform-tools/36.0.2/platform-tools/adb -P 5037 reconnect offline'
2026-01-08 12:07:19:259 [a55b96f5][ADB] Getting connected devices
2026-01-08 12:07:19:284 [a55b96f5][ADB] No connected devices have been detected
2026-01-08 12:07:19:284 [a55b96f5][ADB] Could not find online devices
2026-01-08 12:07:19:284 [a55b96f5][ADB] Reconnecting adb (target offline)
2026-01-08 12:07:19:284 [a55b96f5][ADB] Running '/opt/homebrew/Caskroom/android-platform-tools/36.0.2/platform-tools/adb -P 5037 reconnect offline'
2026-01-08 12:07:19:501 [a55b96f5][ADB] Getting connected devices
2026-01-08 12:07:19:637 [a55b96f5][ADB] No connected devices have been detected
2026-01-08 12:07:19:637 [a55b96f5][ADB] Could not find online devices
2026-01-08 12:07:19:637 [a55b96f5][ADB] Reconnecting adb (target offline)
2026-01-08 12:07:19:637 [a55b96f5][ADB] Running '/opt/homebrew/Caskroom/android-platform-tools/36.0.2/platform-tools/adb -P 5037 reconnect offline'
2026-01-08 12:07:19:857 [a55b96f5][ADB] Getting connected devices
2026-01-08 12:07:19:868 [a55b96f5][ADB] No connected devices have been detected
2026-01-08 12:07:19:868 [a55b96f5][ADB] Could not find online devices
2026-01-08 12:07:19:868 [a55b96f5][ADB] Reconnecting adb (target offline)
2026-01-08 12:07:19:868 [a55b96f5][ADB] Running '/opt/homebrew/Caskroom/android-platform-tools/36.0.2/platform-tools/adb -P 5037 reconnect offline'
2026-01-08 12:07:20:080 [a55b96f5][ADB] Getting connected devices
2026-01-08 12:07:20:104 [a55b96f5][ADB] No connected devices have been detected
2026-01-08 12:07:20:104 [a55b96f5][ADB] Could not find online devices
2026-01-08 12:07:20:104 [a55b96f5][ADB] Reconnecting adb (target offline)
2026-01-08 12:07:20:104 [a55b96f5][ADB] Running '/opt/homebrew/Caskroom/android-platform-tools/36.0.2/platform-tools/adb -P 5037 reconnect offline'
2026-01-08 12:07:20:320 [a55b96f5][ADB] Getting connected devices
2026-01-08 12:07:20:346 [a55b96f5][ADB] No connected devices have been detected
2026-01-08 12:07:20:346 [a55b96f5][ADB] Could not find online devices
2026-01-08 12:07:20:346 [a55b96f5][ADB] Reconnecting adb (target offline)
2026-01-08 12:07:20:346 [a55b96f5][ADB] Running '/opt/homebrew/Caskroom/android-platform-tools/36.0.2/platform-tools/adb -P 5037 reconnect offline'
2026-01-08 12:07:20:561 [a55b96f5][ADB] Getting connected devices
2026-01-08 12:07:20:577 [a55b96f5][ADB] No connected devices have been detected
2026-01-08 12:07:20:577 [a55b96f5][ADB] Could not find online devices
2026-01-08 12:07:20:577 [a55b96f5][ADB] Reconnecting adb (target offline)
2026-01-08 12:07:20:577 [a55b96f5][ADB] Running '/opt/homebrew/Caskroom/android-platform-tools/36.0.2/platform-tools/adb -P 5037 reconnect offline'
2026-01-08 12:07:20:791 [a55b96f5][ADB] Getting connected devices
2026-01-08 12:07:20:811 [a55b96f5][ADB] No connected devices have been detected
2026-01-08 12:07:20:811 [a55b96f5][ADB] Could not find online devices
2026-01-08 12:07:20:811 [a55b96f5][ADB] Reconnecting adb (target offline)
2026-01-08 12:07:20:811 [a55b96f5][ADB] Running '/opt/homebrew/Caskroom/android-platform-tools/36.0.2/platform-tools/adb -P 5037 reconnect offline'
2026-01-08 12:07:21:025 [a55b96f5][ADB] Getting connected devices
2026-01-08 12:07:21:048 [a55b96f5][ADB] No connected devices have been detected
2026-01-08 12:07:21:048 [a55b96f5][ADB] Could not find online devices
2026-01-08 12:07:21:048 [a55b96f5][ADB] Reconnecting adb (target offline)
2026-01-08 12:07:21:048 [a55b96f5][ADB] Running '/opt/homebrew/Caskroom/android-platform-tools/36.0.2/platform-tools/adb -P 5037 reconnect offline'
2026-01-08 12:07:21:263 [a55b96f5][ADB] Getting connected devices
2026-01-08 12:07:21:287 [a55b96f5][ADB] No connected devices have been detected
2026-01-08 12:07:21:287 [a55b96f5][ADB] Could not find online devices
2026-01-08 12:07:21:287 [a55b96f5][ADB] Reconnecting adb (target offline)
2026-01-08 12:07:21:287 [a55b96f5][ADB] Running '/opt/homebrew/Caskroom/android-platform-tools/36.0.2/platform-tools/adb -P 5037 reconnect offline'
2026-01-08 12:07:21:503 [a55b96f5][ADB] Getting connected devices
2026-01-08 12:07:21:523 [a55b96f5][ADB] No connected devices have been detected
2026-01-08 12:07:21:523 [a55b96f5][ADB] Could not find online devices
2026-01-08 12:07:21:523 [a55b96f5][ADB] Reconnecting adb (target offline)
2026-01-08 12:07:21:523 [a55b96f5][ADB] Running '/opt/homebrew/Caskroom/android-platform-tools/36.0.2/platform-tools/adb -P 5037 reconnect offline'
2026-01-08 12:07:21:740 [a55b96f5][ADB] Getting connected devices
2026-01-08 12:07:21:763 [a55b96f5][ADB] No connected devices have been detected
2026-01-08 12:07:21:763 [a55b96f5][ADB] Could not find online devices
2026-01-08 12:07:21:763 [a55b96f5][ADB] Reconnecting adb (target offline)
2026-01-08 12:07:21:763 [a55b96f5][ADB] Running '/opt/homebrew/Caskroom/android-platform-tools/36.0.2/platform-tools/adb -P 5037 reconnect offline'
2026-01-08 12:07:21:979 [a55b96f5][ADB] Getting connected devices
2026-01-08 12:07:21:996 [a55b96f5][ADB] No connected devices have been detected
2026-01-08 12:07:21:996 [a55b96f5][ADB] Could not find online devices
2026-01-08 12:07:21:996 [a55b96f5][ADB] Reconnecting adb (target offline)
2026-01-08 12:07:21:996 [a55b96f5][ADB] Running '/opt/homebrew/Caskroom/android-platform-tools/36.0.2/platform-tools/adb -P 5037 reconnect offline'
2026-01-08 12:07:22:210 [a55b96f5][ADB] Getting connected devices
2026-01-08 12:07:22:237 [a55b96f5][ADB] No connected devices have been detected
2026-01-08 12:07:22:237 [a55b96f5][ADB] Could not find online devices
2026-01-08 12:07:22:237 [a55b96f5][ADB] Reconnecting adb (target offline)
2026-01-08 12:07:22:237 [a55b96f5][ADB] Running '/opt/homebrew/Caskroom/android-platform-tools/36.0.2/platform-tools/adb -P 5037 reconnect offline'
2026-01-08 12:07:22:454 [a55b96f5][ADB] Getting connected devices
2026-01-08 12:07:22:479 [a55b96f5][ADB] No connected devices have been detected
2026-01-08 12:07:22:480 [a55b96f5][ADB] Could not find online devices
2026-01-08 12:07:22:480 [a55b96f5][ADB] Reconnecting adb (target offline)
2026-01-08 12:07:22:480 [a55b96f5][ADB] Running '/opt/homebrew/Caskroom/android-platform-tools/36.0.2/platform-tools/adb -P 5037 reconnect offline'
2026-01-08 12:07:22:697 [a55b96f5][ADB] Getting connected devices
2026-01-08 12:07:22:723 [a55b96f5][ADB] No connected devices have been detected
2026-01-08 12:07:22:723 [a55b96f5][ADB] Could not find online devices
2026-01-08 12:07:22:724 [a55b96f5][ADB] Reconnecting adb (target offline)
2026-01-08 12:07:22:724 [a55b96f5][ADB] Running '/opt/homebrew/Caskroom/android-platform-tools/36.0.2/platform-tools/adb -P 5037 reconnect offline'
2026-01-08 12:07:22:941 [a55b96f5][ADB] Getting connected devices
2026-01-08 12:07:22:963 [a55b96f5][ADB] No connected devices have been detected
2026-01-08 12:07:22:963 [a55b96f5][ADB] Could not find online devices
2026-01-08 12:07:22:963 [a55b96f5][ADB] Reconnecting adb (target offline)
2026-01-08 12:07:22:963 [a55b96f5][ADB] Running '/opt/homebrew/Caskroom/android-platform-tools/36.0.2/platform-tools/adb -P 5037 reconnect offline'
2026-01-08 12:07:23:178 [a55b96f5][ADB] Getting connected devices
2026-01-08 12:07:23:202 [a55b96f5][ADB] No connected devices have been detected
2026-01-08 12:07:23:202 [a55b96f5][ADB] Could not find online devices
2026-01-08 12:07:23:202 [a55b96f5][ADB] Reconnecting adb (target offline)
2026-01-08 12:07:23:202 [a55b96f5][ADB] Running '/opt/homebrew/Caskroom/android-platform-tools/36.0.2/platform-tools/adb -P 5037 reconnect offline'
2026-01-08 12:07:23:418 [a55b96f5][ADB] Getting connected devices
2026-01-08 12:07:23:442 [a55b96f5][ADB] No connected devices have been detected
2026-01-08 12:07:23:442 [a55b96f5][ADB] Could not find online devices
2026-01-08 12:07:23:442 [a55b96f5][ADB] Reconnecting adb (target offline)
2026-01-08 12:07:23:442 [a55b96f5][ADB] Running '/opt/homebrew/Caskroom/android-platform-tools/36.0.2/platform-tools/adb -P 5037 reconnect offline'
2026-01-08 12:07:23:658 [a55b96f5][ADB] Getting connected devices
2026-01-08 12:07:23:682 [a55b96f5][ADB] No connected devices have been detected
2026-01-08 12:07:23:682 [a55b96f5][ADB] Could not find online devices
2026-01-08 12:07:23:682 [a55b96f5][ADB] Reconnecting adb (target offline)
2026-01-08 12:07:23:682 [a55b96f5][ADB] Running '/opt/homebrew/Caskroom/android-platform-tools/36.0.2/platform-tools/adb -P 5037 reconnect offline'
2026-01-08 12:07:23:898 [a55b96f5][ADB] Getting connected devices
2026-01-08 12:07:23:920 [a55b96f5][ADB] No connected devices have been detected
2026-01-08 12:07:23:920 [a55b96f5][ADB] Could not find online devices
2026-01-08 12:07:23:920 [a55b96f5][ADB] Reconnecting adb (target offline)
2026-01-08 12:07:23:920 [a55b96f5][ADB] Running '/opt/homebrew/Caskroom/android-platform-tools/36.0.2/platform-tools/adb -P 5037 reconnect offline'
2026-01-08 12:07:24:137 [a55b96f5][ADB] Getting connected devices
2026-01-08 12:07:24:161 [a55b96f5][ADB] No connected devices have been detected
2026-01-08 12:07:24:161 [a55b96f5][ADB] Could not find online devices
2026-01-08 12:07:24:161 [a55b96f5][ADB] Reconnecting adb (target offline)
2026-01-08 12:07:24:161 [a55b96f5][ADB] Running '/opt/homebrew/Caskroom/android-platform-tools/36.0.2/platform-tools/adb -P 5037 reconnect offline'
2026-01-08 12:07:24:375 [a55b96f5][ADB] Getting connected devices
2026-01-08 12:07:24:402 [a55b96f5][ADB] No connected devices have been detected
2026-01-08 12:07:24:402 [a55b96f5][ADB] Could not find online devices
2026-01-08 12:07:24:402 [a55b96f5][ADB] Reconnecting adb (target offline)
2026-01-08 12:07:24:402 [a55b96f5][ADB] Running '/opt/homebrew/Caskroom/android-platform-tools/36.0.2/platform-tools/adb -P 5037 reconnect offline'
2026-01-08 12:07:24:622 [a55b96f5][ADB] Getting connected devices
2026-01-08 12:07:24:648 [a55b96f5][ADB] No connected devices have been detected
2026-01-08 12:07:24:648 [a55b96f5][ADB] Could not find online devices
2026-01-08 12:07:24:648 [a55b96f5][ADB] Reconnecting adb (target offline)
2026-01-08 12:07:24:648 [a55b96f5][ADB] Running '/opt/homebrew/Caskroom/android-platform-tools/36.0.2/platform-tools/adb -P 5037 reconnect offline'
2026-01-08 12:07:24:866 [a55b96f5][ADB] Getting connected devices
2026-01-08 12:07:24:878 [a55b96f5][ADB] No connected devices have been detected
2026-01-08 12:07:24:878 [a55b96f5][ADB] Could not find online devices
2026-01-08 12:07:24:878 [a55b96f5][ADB] Reconnecting adb (target offline)
2026-01-08 12:07:24:878 [a55b96f5][ADB] Running '/opt/homebrew/Caskroom/android-platform-tools/36.0.2/platform-tools/adb -P 5037 reconnect offline'
2026-01-08 12:07:25:090 [a55b96f5][ADB] Getting connected devices
2026-01-08 12:07:25:102 [a55b96f5][ADB] No connected devices have been detected
2026-01-08 12:07:25:102 [a55b96f5][ADB] Could not find online devices
2026-01-08 12:07:25:102 [a55b96f5][ADB] Reconnecting adb (target offline)
2026-01-08 12:07:25:103 [a55b96f5][ADB] Running '/opt/homebrew/Caskroom/android-platform-tools/36.0.2/platform-tools/adb -P 5037 reconnect offline'
2026-01-08 12:07:25:315 [a55b96f5][ADB] Getting connected devices
2026-01-08 12:07:25:329 [a55b96f5][ADB] No connected devices have been detected
2026-01-08 12:07:25:330 [a55b96f5][ADB] Could not find online devices
2026-01-08 12:07:25:330 [a55b96f5][ADB] Reconnecting adb (target offline)
2026-01-08 12:07:25:330 [a55b96f5][ADB] Running '/opt/homebrew/Caskroom/android-platform-tools/36.0.2/platform-tools/adb -P 5037 reconnect offline'
2026-01-08 12:07:25:543 [a55b96f5][ADB] Getting connected devices
2026-01-08 12:07:25:560 [a55b96f5][ADB] No connected devices have been detected
2026-01-08 12:07:25:560 [a55b96f5][ADB] Could not find online devices
2026-01-08 12:07:25:560 [a55b96f5][ADB] Reconnecting adb (target offline)
2026-01-08 12:07:25:560 [a55b96f5][ADB] Running '/opt/homebrew/Caskroom/android-platform-tools/36.0.2/platform-tools/adb -P 5037 reconnect offline'
2026-01-08 12:07:25:774 [a55b96f5][ADB] Getting connected devices
2026-01-08 12:07:25:795 [a55b96f5][ADB] No connected devices have been detected
2026-01-08 12:07:25:795 [a55b96f5][ADB] Could not find online devices
2026-01-08 12:07:25:795 [a55b96f5][ADB] Reconnecting adb (target offline)
2026-01-08 12:07:25:795 [a55b96f5][ADB] Running '/opt/homebrew/Caskroom/android-platform-tools/36.0.2/platform-tools/adb -P 5037 reconnect offline'
2026-01-08 12:07:26:010 [a55b96f5][ADB] Getting connected devices
2026-01-08 12:07:26:027 [a55b96f5][ADB] No connected devices have been detected
2026-01-08 12:07:26:027 [a55b96f5][ADB] Could not find online devices
2026-01-08 12:07:26:027 [a55b96f5][ADB] Reconnecting adb (target offline)
2026-01-08 12:07:26:027 [a55b96f5][ADB] Running '/opt/homebrew/Caskroom/android-platform-tools/36.0.2/platform-tools/adb -P 5037 reconnect offline'
2026-01-08 12:07:26:242 [a55b96f5][ADB] Getting connected devices
2026-01-08 12:07:26:260 [a55b96f5][ADB] No connected devices have been detected
2026-01-08 12:07:26:260 [a55b96f5][ADB] Could not find online devices
2026-01-08 12:07:26:261 [a55b96f5][ADB] Reconnecting adb (target offline)
2026-01-08 12:07:26:261 [a55b96f5][ADB] Running '/opt/homebrew/Caskroom/android-platform-tools/36.0.2/platform-tools/adb -P 5037 reconnect offline'
2026-01-08 12:07:26:475 [a55b96f5][ADB] Getting connected devices
2026-01-08 12:07:26:490 [a55b96f5][ADB] No connected devices have been detected
2026-01-08 12:07:26:490 [a55b96f5][ADB] Could not find online devices
2026-01-08 12:07:26:490 [a55b96f5][ADB] Reconnecting adb (target offline)
2026-01-08 12:07:26:490 [a55b96f5][ADB] Running '/opt/homebrew/Caskroom/android-platform-tools/36.0.2/platform-tools/adb -P 5037 reconnect offline'
2026-01-08 12:07:26:704 [a55b96f5][ADB] Getting connected devices
2026-01-08 12:07:26:717 [a55b96f5][ADB] No connected devices have been detected
2026-01-08 12:07:26:717 [a55b96f5][ADB] Could not find online devices
2026-01-08 12:07:26:717 [a55b96f5][ADB] Reconnecting adb (target offline)
2026-01-08 12:07:26:717 [a55b96f5][ADB] Running '/opt/homebrew/Caskroom/android-platform-tools/36.0.2/platform-tools/adb -P 5037 reconnect offline'
2026-01-08 12:07:26:929 [a55b96f5][ADB] Getting connected devices
2026-01-08 12:07:26:943 [a55b96f5][ADB] No connected devices have been detected
2026-01-08 12:07:26:943 [a55b96f5][ADB] Could not find online devices
2026-01-08 12:07:26:943 [a55b96f5][ADB] Reconnecting adb (target offline)
2026-01-08 12:07:26:944 [a55b96f5][ADB] Running '/opt/homebrew/Caskroom/android-platform-tools/36.0.2/platform-tools/adb -P 5037 reconnect offline'
2026-01-08 12:07:27:157 [a55b96f5][ADB] Getting connected devices
2026-01-08 12:07:27:179 [a55b96f5][ADB] No connected devices have been detected
2026-01-08 12:07:27:179 [a55b96f5][ADB] Could not find online devices
2026-01-08 12:07:27:179 [a55b96f5][ADB] Reconnecting adb (target offline)
2026-01-08 12:07:27:179 [a55b96f5][ADB] Running '/opt/homebrew/Caskroom/android-platform-tools/36.0.2/platform-tools/adb -P 5037 reconnect offline'
2026-01-08 12:07:27:393 [a55b96f5][ADB] Getting connected devices
2026-01-08 12:07:27:413 [a55b96f5][ADB] No connected devices have been detected
2026-01-08 12:07:27:413 [a55b96f5][ADB] Could not find online devices
2026-01-08 12:07:27:413 [a55b96f5][ADB] Reconnecting adb (target offline)
2026-01-08 12:07:27:413 [a55b96f5][ADB] Running '/opt/homebrew/Caskroom/android-platform-tools/36.0.2/platform-tools/adb -P 5037 reconnect offline'
2026-01-08 12:07:27:628 [a55b96f5][ADB] Getting connected devices
2026-01-08 12:07:27:654 [a55b96f5][ADB] No connected devices have been detected
2026-01-08 12:07:27:654 [a55b96f5][ADB] Could not find online devices
2026-01-08 12:07:27:654 [a55b96f5][ADB] Reconnecting adb (target offline)
2026-01-08 12:07:27:654 [a55b96f5][ADB] Running '/opt/homebrew/Caskroom/android-platform-tools/36.0.2/platform-tools/adb -P 5037 reconnect offline'
2026-01-08 12:07:27:872 [a55b96f5][ADB] Getting connected devices
2026-01-08 12:07:27:897 [a55b96f5][ADB] No connected devices have been detected
2026-01-08 12:07:27:897 [a55b96f5][ADB] Could not find online devices
2026-01-08 12:07:27:897 [a55b96f5][ADB] Reconnecting adb (target offline)
2026-01-08 12:07:27:897 [a55b96f5][ADB] Running '/opt/homebrew/Caskroom/android-platform-tools/36.0.2/platform-tools/adb -P 5037 reconnect offline'
2026-01-08 12:07:28:113 [a55b96f5][ADB] Getting connected devices
2026-01-08 12:07:28:136 [a55b96f5][ADB] No connected devices have been detected
2026-01-08 12:07:28:136 [a55b96f5][ADB] Could not find online devices
2026-01-08 12:07:28:136 [a55b96f5][ADB] Reconnecting adb (target offline)
2026-01-08 12:07:28:136 [a55b96f5][ADB] Running '/opt/homebrew/Caskroom/android-platform-tools/36.0.2/platform-tools/adb -P 5037 reconnect offline'
2026-01-08 12:07:28:351 [a55b96f5][ADB] Getting connected devices
2026-01-08 12:07:28:376 [a55b96f5][ADB] No connected devices have been detected
2026-01-08 12:07:28:376 [a55b96f5][ADB] Could not find online devices
2026-01-08 12:07:28:376 [a55b96f5][ADB] Reconnecting adb (target offline)
2026-01-08 12:07:28:376 [a55b96f5][ADB] Running '/opt/homebrew/Caskroom/android-platform-tools/36.0.2/platform-tools/adb -P 5037 reconnect offline'
2026-01-08 12:07:28:592 [a55b96f5][ADB] Getting connected devices
2026-01-08 12:07:28:617 [a55b96f5][ADB] No connected devices have been detected
2026-01-08 12:07:28:617 [a55b96f5][ADB] Could not find online devices
2026-01-08 12:07:28:617 [a55b96f5][ADB] Reconnecting adb (target offline)
2026-01-08 12:07:28:618 [a55b96f5][ADB] Running '/opt/homebrew/Caskroom/android-platform-tools/36.0.2/platform-tools/adb -P 5037 reconnect offline'
2026-01-08 12:07:28:834 [a55b96f5][ADB] Getting connected devices
2026-01-08 12:07:28:858 [a55b96f5][ADB] No connected devices have been detected
2026-01-08 12:07:28:858 [a55b96f5][ADB] Could not find online devices
2026-01-08 12:07:28:858 [a55b96f5][ADB] Reconnecting adb (target offline)
2026-01-08 12:07:28:858 [a55b96f5][ADB] Running '/opt/homebrew/Caskroom/android-platform-tools/36.0.2/platform-tools/adb -P 5037 reconnect offline'
2026-01-08 12:07:29:074 [a55b96f5][ADB] Getting connected devices
2026-01-08 12:07:29:099 [a55b96f5][ADB] No connected devices have been detected
2026-01-08 12:07:29:099 [a55b96f5][ADB] Could not find online devices
2026-01-08 12:07:29:099 [a55b96f5][ADB] Reconnecting adb (target offline)
2026-01-08 12:07:29:099 [a55b96f5][ADB] Running '/opt/homebrew/Caskroom/android-platform-tools/36.0.2/platform-tools/adb -P 5037 reconnect offline'
2026-01-08 12:07:29:316 [a55b96f5][ADB] Getting connected devices
2026-01-08 12:07:29:341 [a55b96f5][ADB] No connected devices have been detected
2026-01-08 12:07:29:341 [a55b96f5][ADB] Could not find online devices
2026-01-08 12:07:29:341 [a55b96f5][ADB] Reconnecting adb (target offline)
2026-01-08 12:07:29:341 [a55b96f5][ADB] Running '/opt/homebrew/Caskroom/android-platform-tools/36.0.2/platform-tools/adb -P 5037 reconnect offline'
2026-01-08 12:07:29:557 [a55b96f5][ADB] Getting connected devices
2026-01-08 12:07:29:579 [a55b96f5][ADB] No connected devices have been detected
2026-01-08 12:07:29:579 [a55b96f5][ADB] Could not find online devices
2026-01-08 12:07:29:579 [a55b96f5][ADB] Reconnecting adb (target offline)
2026-01-08 12:07:29:579 [a55b96f5][ADB] Running '/opt/homebrew/Caskroom/android-platform-tools/36.0.2/platform-tools/adb -P 5037 reconnect offline'
2026-01-08 12:07:29:793 [a55b96f5][ADB] Getting connected devices
2026-01-08 12:07:29:805 [a55b96f5][ADB] No connected devices have been detected
2026-01-08 12:07:29:805 [a55b96f5][ADB] Could not find online devices
2026-01-08 12:07:29:805 [a55b96f5][ADB] Reconnecting adb (target offline)
2026-01-08 12:07:29:805 [a55b96f5][ADB] Running '/opt/homebrew/Caskroom/android-platform-tools/36.0.2/platform-tools/adb -P 5037 reconnect offline'
2026-01-08 12:07:30:017 [a55b96f5][ADB] Getting connected devices
2026-01-08 12:07:30:039 [a55b96f5][ADB] No connected devices have been detected
2026-01-08 12:07:30:039 [a55b96f5][ADB] Could not find online devices
2026-01-08 12:07:30:039 [a55b96f5][ADB] Reconnecting adb (target offline)
2026-01-08 12:07:30:039 [a55b96f5][ADB] Running '/opt/homebrew/Caskroom/android-platform-tools/36.0.2/platform-tools/adb -P 5037 reconnect offline'
2026-01-08 12:07:30:255 [a55b96f5][ADB] Getting connected devices
2026-01-08 12:07:30:281 [a55b96f5][ADB] No connected devices have been detected
2026-01-08 12:07:30:281 [a55b96f5][ADB] Could not find online devices
2026-01-08 12:07:30:281 [a55b96f5][ADB] Reconnecting adb (target offline)
2026-01-08 12:07:30:281 [a55b96f5][ADB] Running '/opt/homebrew/Caskroom/android-platform-tools/36.0.2/platform-tools/adb -P 5037 reconnect offline'
2026-01-08 12:07:30:498 [a55b96f5][ADB] Getting connected devices
2026-01-08 12:07:30:520 [a55b96f5][ADB] No connected devices have been detected
2026-01-08 12:07:30:520 [a55b96f5][ADB] Could not find online devices
2026-01-08 12:07:30:520 [a55b96f5][ADB] Reconnecting adb (target offline)
2026-01-08 12:07:30:520 [a55b96f5][ADB] Running '/opt/homebrew/Caskroom/android-platform-tools/36.0.2/platform-tools/adb -P 5037 reconnect offline'
2026-01-08 12:07:30:737 [a55b96f5][ADB] Getting connected devices
2026-01-08 12:07:30:763 [a55b96f5][ADB] No connected devices have been detected
2026-01-08 12:07:30:763 [a55b96f5][ADB] Could not find online devices
2026-01-08 12:07:30:763 [a55b96f5][ADB] Reconnecting adb (target offline)
2026-01-08 12:07:30:763 [a55b96f5][ADB] Running '/opt/homebrew/Caskroom/android-platform-tools/36.0.2/platform-tools/adb -P 5037 reconnect offline'
2026-01-08 12:07:30:981 [a55b96f5][ADB] Getting connected devices
2026-01-08 12:07:31:006 [a55b96f5][ADB] No connected devices have been detected
2026-01-08 12:07:31:006 [a55b96f5][ADB] Could not find online devices
2026-01-08 12:07:31:006 [a55b96f5][ADB] Reconnecting adb (target offline)
2026-01-08 12:07:31:006 [a55b96f5][ADB] Running '/opt/homebrew/Caskroom/android-platform-tools/36.0.2/platform-tools/adb -P 5037 reconnect offline'
2026-01-08 12:07:31:221 [a55b96f5][ADB] Getting connected devices
2026-01-08 12:07:31:247 [a55b96f5][ADB] No connected devices have been detected
2026-01-08 12:07:31:247 [a55b96f5][ADB] Could not find online devices
2026-01-08 12:07:31:247 [a55b96f5][ADB] Reconnecting adb (target offline)
2026-01-08 12:07:31:247 [a55b96f5][ADB] Running '/opt/homebrew/Caskroom/android-platform-tools/36.0.2/platform-tools/adb -P 5037 reconnect offline'
2026-01-08 12:07:31:464 [a55b96f5][ADB] Getting connected devices
2026-01-08 12:07:31:487 [a55b96f5][ADB] No connected devices have been detected
2026-01-08 12:07:31:487 [a55b96f5][ADB] Could not find online devices
2026-01-08 12:07:31:487 [a55b96f5][ADB] Reconnecting adb (target offline)
2026-01-08 12:07:31:487 [a55b96f5][ADB] Running '/opt/homebrew/Caskroom/android-platform-tools/36.0.2/platform-tools/adb -P 5037 reconnect offline'
2026-01-08 12:07:31:502 [a55b96f5][38;5;-173m[AndroidUiautomator2Driver@57ee] Deleting UiAutomator2 session
2026-01-08 12:07:31:502 [a55b96f5][38;5;-173m[AndroidUiautomator2Driver@57ee] Unable to stop ChromeDriver proxies: Cannot read properties of undefined (reading 'proxyReqRes')
2026-01-08 12:07:31:502 [a55b96f5][AppiumDriver@eb75] Event 'newSessionStarted' logged at 1767874051502 (14:07:31 GMT+0200 (Israel Standard Time))
2026-01-08 12:07:31:503 [a55b96f5][AppiumDriver@eb75] Encountered internal error running command: Error: Could not find a connected Android device in 20000ms
    at ADB.getDevicesWithRetry (/Users/eladyerushalmi/.appium/node_modules/appium-uiautomator2-driver/node_modules/appium-adb/lib/tools/system-calls.js:332:13)
    at Object.getDeviceInfoFromCaps (/Users/eladyerushalmi/.appium/node_modules/appium-uiautomator2-driver/node_modules/appium-android-driver/lib/helpers/android.ts:378:23)
    at AndroidUiautomator2Driver.startUiAutomator2Session (/Users/eladyerushalmi/.appium/node_modules/appium-uiautomator2-driver/lib/driver.ts:425:28)
    at AndroidUiautomator2Driver.createSession (/Users/eladyerushalmi/.appium/node_modules/appium-uiautomator2-driver/lib/driver.ts:299:22)
    at AppiumDriver.createSession (/Users/eladyerushalmi/.nvm/versions/node/v22.4.0/lib/node_modules/appium/lib/appium.js:379:35)
2026-01-08 12:07:31:503 [a55b96f5][HTTP] <-- POST /session 500 20078 ms - 680 
2026-01-08 12:08:34:179 [Appium] Received SIGINT - shutting down
